PuzzleId,FEN,Moves,Rating,Themes
0061g,"6k1/pp3pp1/2p1q1Pp/3b4/8/6Q1/PB3Pp1/3RrNK1 b - - 2 27","e1d1 g3b8 e6e8 b8e8",801,"endgame mate mateIn2 short"
00H8a,"5bk1/2R4p/6p1/8/2b1NP1P/4P1K1/r7/8 b - - 2 45","c4d3 e4f6 g8h8 c7h7",801,"arabianMate endgame mate mateIn2 short"
00AbP,"4r1k1/pp3pp1/2p5/7b/4P2P/2P2N2/PP4K1/3R4 b - - 0 24","e8e4 d1d8 g8h7 f3g5",804,"crushing endgame short"
00HEh,"3R1rk1/pp3ppp/2p3b1/2n3P1/2B2q1P/5N2/PPP1QP2/4R1K1 b - - 0 23","f8d8 e2e8 d8e8 e1e8",812,"kingsideAttack mate mateIn2 middlegame sacrifice short"
00IEW,"6k1/6p1/R6p/3P1N2/8/3K4/2r2b2/8 b - - 5 57","c2c8 f5e7 g8f7 e7c8",814,"crushing endgame fork short"
00EBZ,"3rr1k1/p4pp1/1pp4p/3pPQ2/1P3P2/2P3qP/P2R2P1/5RK1 w - - 1 24","f1f3 g3e1 g1h2 e1d2",818,"crushing endgame fork short"
001gi,"r6r/1pNk1ppp/2np4/b3p3/4P1b1/N1Q5/P4PPP/R3KB1R w KQ - 3 18","c7a8 a5c3",819,"bodenMate hangingPiece mate mateIn1 middlegame oneMove"
006yP,"6R1/8/Kpk1p3/1p1pP3/6P1/PPP1r3/8/8 b - - 3 40","e3c3 g8c8 c6d7 c8c3",819,"crushing endgame master rookEndgame short skewer"
00HLP,"r4rk1/3nqpp1/4p2p/1p2P3/2pn1Q2/P2B3N/1P3PPP/3R1RK1 w - - 0 24","d3b1 d4e2 g1h1 e2f4",821,"crushing fork middlegame short"
00Ec4,"2rq1r1k/p5pp/8/1p1BpPb1/2Pp2Q1/P2P2R1/6PP/R5K1 b - - 3 25","c8c7 g4g5 d8g5 g3g5",823,"crushing middlegame short"
0082f,"r4rk1/2q2ppp/3pp3/4Pb1N/pp6/1B4Q1/PPP3PP/1K1RR3 b - - 0 21","a4b3 g3g7",827,"kingsideAttack mate mateIn1 middlegame oneMove"
00ERL,"1r2R1k1/2Q4p/pp6/2p2n2/P2P1P1q/2P4P/2PB2b1/4R1K1 b - - 0 29","b8e8 e1e8",827,"mate mateIn1 middlegame oneMove"
00B2k,"r4rk1/pbp3pp/1p1pp3/6B1/2PPp2q/3nP2P/PP3P2/R2QKBR1 w Q - 8 16","f1d3 h4f2",828,"attackingF2F7 mate mateIn1 middlegame oneMove"
00Bse,"8/5p2/1R4k1/6p1/8/3r2PP/5K2/8 b - - 3 40","g6h5 g3g4 h5h4 b6h6",830,"endgame mate mateIn2 rookEndgame short"
00Enl,"2kr4/1pp5/p1b2R1n/2PpP3/3B2p1/2P1Q1Pp/PPq4P/5RK1 w - - 3 27","f6h6 c2g2",831,"mate mateIn1 middlegame oneMove"
00KVO,"4r3/p1R3p1/4r2p/3k1n2/3p4/P5B1/1P4PP/4R1K1 w - - 2 28","c7a7 e6e1 g3e1 e8e1",834,"crushing endgame short"
00F1l,"8/2k1b3/5p2/RBpK1Pp1/Pp1p2P1/3P4/2r5/8 b - - 2 45","b4b3 a5a7 c7b8 a7e7",836,"crushing endgame master short skewer"
005x9,"r1b1kb1Q/ppp4p/6pB/3P4/2pn4/8/PPP1qPPP/RN1K3R w q - 2 13","d1c1 e2c2",838,"mate mateIn1 middlegame oneMove queensideAttack"
006OI,"8/p7/5k2/P5R1/6KP/8/8/5r2 w - - 5 53","g5g8 f1g1 g4f4 g1g8",843,"crushing endgame rookEndgame short skewer"
00HeG,"8/1p5k/p3pQq1/3pP3/2p3P1/2P5/PP6/2K5 w - - 3 33","f6h4 g6h6 h4h6 h7h6",851,"crushing endgame master queenEndgame short"
00Keu,"R7/1p3kp1/2pK3p/3p1PP1/1r1B2nP/8/1P6/8 b - - 2 39","b4d4 g5g6 f7f6 a8f8",859,"endgame mate mateIn2 short"
00EDa,"r1bk3r/ppp1np1p/3p2pP/1N2P1q1/2BP1n2/8/PPP3P1/R1BQ2KR w - - 1 14","e5d6 g5g2",860,"kingsideAttack mate mateIn1 oneMove opening"
004WZ,"r6k/1b3pp1/p1q1pn1p/2p5/P1B5/1PN4Q/2P1RP1P/R4Kr1 w - - 2 26","f1g1 c6h1",866,"mate mateIn1 middlegame oneMove"
00AOH,"6k1/1R6/1p2p1pp/4P3/p1N2P2/6PK/7P/1r6 w - - 0 48","b7b6 b1b6 c4b6 a4a3 b6d7 a3a2",866,"advancedPawn advantage endgame long"
001pC,"r4rk1/pp3ppp/3b4/2p1pPB1/7N/2PP3n/PP4PP/R2Q1RqK w - - 5 18","f1g1 h3f2",870,"mate mateIn1 middlegame oneMove smotheredMate"
008rw,"rn2kb1r/pp2pppp/2p2n2/4q3/8/2N4Q/PPPPBPPP/R1B1K2R b KQkq - 2 8","g7g6 h3c8",871,"mate mateIn1 oneMove opening"
00A5v,"4r1k1/pp1qr1p1/7p/2pPR3/2P2p2/1PQ2P2/P5PP/4R1K1 w - - 3 33","c3d2 e7e5 e1e5 e8e5",876,"crushing endgame short"
00FjB,"rnbk3r/pppp1Bpp/8/5p2/4p3/2PP4/P1P2PPP/R1B1K2R b KQ - 0 13","h8f8 c1g5",878,"doubleBishopMate mate mateIn1 middlegame oneMove"
00BNd,"1rr3k1/3bppbp/3p1np1/1B1N4/P2BP3/5P2/P2R2PP/R5K1 b - - 0 21","d7b5 d5e7 g8f8 e7c8",881,"advantage fork middlegame short"
00EWi,"8/8/1R3pkp/1pP5/1P3PKP/r7/8/8 w - - 2 48","b6b5 f6f5",885,"endgame mate mateIn1 oneMove rookEndgame"
00KRo,"4r3/pp1b2pp/3k4/2pP1pK1/2P1p2P/2P3P1/P3R3/2B5 b - - 2 26","d6e5 c1f4",889,"endgame mate mateIn1 oneMove"
00HHN,"4r2k/p6p/1p3R2/2p5/2P5/1P4R1/r5PP/2K5 w - - 0 32","f6f7 e8e1",892,"endgame mate mateIn1 oneMove rookEndgame"
00H9n,"7k/6p1/8/4p3/Pp1b4/1P3b1q/3Q2P1/5RK1 w - - 0 45","d2d4 h3g2",893,"endgame master mate mateIn1 oneMove"
004nd,"3q2k1/2r5/pp3p1Q/2b1n3/P3N3/2P5/1P4PP/R6K b - - 0 24","c7d7 e4f6 d8f6 h6f6",898,"crushing fork middlegame short"
00AGs,"rn2k2Q/5p2/2p1p1r1/1q4p1/8/8/4NPPP/3R1K1R b q - 5 23","e8e7 h8d8",898,"mate mateIn1 middlegame oneMove"
00Kxt,"r2q1r2/p3ppkp/3p2p1/1N2n2P/4P1P1/5P2/PPPQ4/R3K2R w KQ - 1 16","h5g6 e5f3 e1e2 f3d2",905,"crushing fork middlegame short"
00ISm,"5r2/4bp1k/2ppq1p1/4p1Q1/4N2P/3P4/1P1R1P2/4K1R1 b - - 0 29","e7g5 e4g5 h7h6 g5e6",907,"crushing endgame fork short"
002p5,"r1bqr1k1/pp1nbpp1/2p2n2/6P1/2BP4/P7/1PQNNPP1/R3K2R b KQ - 0 13","f6d5 c2h7 g8f8 h7h8",908,"kingsideAttack mate mateIn2 middlegame short"
008cl,"r3k2r/ppp2p1p/2n1pp2/7q/2PN2b1/2BP1Pb1/PP2B1P1/R2Q1RK1 w kq - 1 16","f3g4 h5h2",908,"mate mateIn1 middlegame oneMove"
002Q2,"7k/p4R1p/3p3r/2pN1n2/2PbBBb1/3P2P1/P3r3/5R1K w - - 1 28","f4h6 f5g3",911,"cornerMate mate mateIn1 middlegame oneMove"
00GBX,"r6k/pp2n1pp/2nN4/4p1Br/1PB5/2P4b/P3Nb1P/R2R3K b - - 1 22","h5g5 d6f7 h8g8 f7g5",911,"advantage discoveredAttack discoveredCheck fork middlegame short"
00Hk4,"5rk1/p4ppp/4p3/1Q6/1P1BN1b1/8/Pq3PPP/R1r1KB1R w KQ - 2 18","a1c1 b2c1",911,"mate mateIn1 middlegame oneMove"
00KYE,"r1b2k1r/pp4p1/2pq2p1/3p4/3p4/1N6/PPP2PPP/R2Q1RK1 w - - 0 17","d1d4 d6h2",913,"kingsideAttack mate mateIn1 middlegame oneMove"
009lk,"1R6/6pk/2p4p/3bP2r/5B1P/2P2qP1/P4P1Q/4R1K1 w - - 2 40","e1e3 f3d1 e3e1 d1e1",917,"mate mateIn2 middlegame short"
00HEx,"b7/5pk1/R3pn1p/8/3NP3/5P2/6PP/2rB2K1 w - - 1 31","a6a8 c1d1 g1f2 d1d4",920,"crushing endgame fork hangingPiece master short"
002Mm,"rn1qr1k1/ppp3pQ/3p1pP1/3Pp3/2P1P3/8/PP3PP1/R1B1K3 b Q - 2 16","g8f8 h7h8 f8e7 h8g7",921,"deflection mate mateIn2 middlegame short"
00ITc,"3r1rk1/3b1pp1/7p/8/N2Qp1n1/1P6/PB1q1PP1/R5K1 b - - 1 25","d7a4 d4g7",921,"mate mateIn1 middlegame oneMove"
009eX,"2r3k1/7p/6q1/p1Np4/Qp2pr2/P4P2/1PR2P1K/5R2 w - - 0 36","f1g1 f4h4",922,"mate mateIn1 middlegame oneMove"
00IaZ,"4R3/1k2R3/3K2p1/1P6/1P6/2rp3r/8/8 b - - 3 45","b7b6 e8b8",923,"endgame master mate mateIn1 oneMove rookEndgame"
002CP,"r5k1/pp4pp/4p1q1/4p3/3n4/P5P1/1PP2Q1P/2KR1R2 w - - 4 24","f2e3 g6c2",925,"endgame mate mateIn1 oneMove queensideAttack"
00C8Y,"rnb2rk1/pp3p1p/3p2Pb/4p1q1/3pQ3/8/PPP1PPP1/RN2KBNR w KQ - 1 12","g1f3 g5c1",930,"mate mateIn1 middlegame oneMove"
00FON,"1k6/8/8/6p1/1pp5/p4PP1/N1P4P/7K w - - 0 38","h2h4 b4b3 c2b3 c4b3",936,"crushing endgame knightEndgame short"
00HZa,"6k1/6pp/1p6/p1n5/4qp2/1P2PN2/P4PPP/3Q2K1 b - - 0 28","f4e3 d1d8 g8f7 f3g5 f7g6 g5e4",937,"crushing endgame fork long master"
00I8g,"4rk2/3Rnrp1/8/4Q1p1/7P/6K1/8/8 w - - 0 50","h4g5 e7f5 e5f5 f7f5",937,"crushing endgame short"
00F6y,"2k3r1/ppp2prp/1q2b3/8/Q7/2P1R1P1/P4P1P/4R1K1 b - - 3 23","e6d7 e3e8 d7e8 e1e8 g8e8 a4e8",938,"long mate mateIn3 middlegame queensideAttack sacrifice"
00KMV,"1r3k2/1p1q1p2/p2p1np1/2pP2bp/2P1P1n1/1PQ3P1/P3N1K1/3N1R1R b - - 11 28","f6e4 c3h8 f8e7 h8b8",943,"crushing middlegame short skewer"
000o3,"8/2p1k3/6p1/1p1P1p2/1P3P2/3K2Pp/7P/8 b - - 1 43","e7d6 d3d4 g6g5 f4g5",944,"crushing endgame pawnEndgame short zugzwang"
00AfZ,"2r3kR/Q7/5q2/1brpN3/5Pp1/4P1P1/6K1/1B6 b - - 2 43","f6h8 a7f7",946,"master mate mateIn1 middlegame oneMove"
00DPI,"3r2k1/1B3p1p/6p1/3N4/3p2P1/6r1/5KP1/3R4 b - - 5 35","g3g4 d5f6 g8g7 f6g4",953,"advantage endgame fork short"
00E29,"r1bq1rk1/4bppp/p1n5/3P4/Pp6/3B1N2/1B3PPP/R2Q1RK1 b - - 0 17","d8d5 d3h7 g8h7 d1d5",953,"crushing discoveredAttack kingsideAttack middlegame short"
00HzR,"8/8/p2k4/1pp5/2K4P/1P1P1RP1/7r/8 w - - 0 46","c4c3 b5b4 c3c4 h2c2",956,"endgame mate mateIn2 rookEndgame short"
00KOz,"8/r4k2/7R/5PK1/1n6/8/8/8 b - - 3 56","b4d5 h6h7 f7f8 h7a7",960,"crushing endgame master short skewer"
003jb,"r3kb1r/p4ppp/b1p1p3/3q4/3Q4/4BN2/PPP2PPP/R3K2R b KQkq - 0 11","c6c5 d4a4 a6b5 a4b5",961,"crushing fork master middlegame short"
007bH,"r2q1rk1/2p2ppn/2pbp2p/p2p4/P4PQ1/1P1PP3/1BPN2PP/4RR1K b - - 4 15","f7f5 g4g7",963,"kingsideAttack mate mateIn1 middlegame oneMove"
00Au2,"r5r1/pp2kp2/2p5/3pQ3/3P4/2NB4/PPP2q2/1K6 b - - 1 28","e7d7 d3f5 f2f5 e5f5",964,"advantage endgame short"
00Htd,"rnbqk2r/1p3ppp/p4b2/2Pp4/8/2N2N2/PP2PPPP/R2QKB1R w KQkq - 0 9","d1d5 f6c3 b2c3 d8d5",968,"crushing intermezzo opening short"
002X3,"6k1/2q2p1p/4pPp1/4P3/p1pP1P2/RrP5/6QP/4B1K1 b - - 0 33","b3a3 g2a8 c7b8 a8b8",970,"endgame mate mateIn2 short"
00CtS,"Q5k1/5q2/p2p4/b1p1pr2/P7/6P1/4KP1R/8 b - - 3 38","g8g7 a8h8 g7g6 h8h6",970,"endgame mate mateIn2 short swallowstailMate"
00JfN,"r6r/1bpnk3/1p1pB3/pP1P3q/P3PQP1/2b2N1P/2P2P2/R3R1K1 b - - 0 24","h5h3 f4f7 e7d8 f7d7",971,"mate mateIn2 middlegame short"
00EoE,"r1b1k3/ppr4p/5p2/5p2/8/2P3P1/P4PP1/4RK1R b q - 1 23","e8f7 h1h7 f7g6 h7c7",974,"crushing endgame short skewer"
008oX,"4r1k1/2R3pp/2p4q/1p1p4/3P4/P7/1PP2R2/1K1N4 b - - 3 32","e8e1 c7c8 e1e8 c8e8",976,"endgame mate mateIn2 short"
00F2o,"6k1/4qpp1/3p3p/8/2BP4/1Pn5/2Qn1PPP/6K1 w - - 0 29","c2c3 e7e1 c4f1 e1f1",978,"endgame mate mateIn2 short"
004XI,"8/3kqp2/4p3/p2p4/3P1P2/4P1rP/7r/1QR2K2 b - - 1 34","e7a3 b1b7 d7e8 c1c8",982,"endgame mate mateIn2 short"
00JO7,"5rk1/ppq3pR/4p1r1/3p4/8/2P4Q/PP3RPP/6K1 b - - 0 22","c7c5 h7h8",986,"endgame mate mateIn1 oneMove"
007Rn,"4r1k1/p4p1p/1p6/6q1/3P2n1/P4Q2/1P1B2P1/7K w - - 0 34","d2g5 e8e1 f3f1 e1f1",990,"endgame mate mateIn2 short"
0092z,"2r3k1/2qR1ppp/p7/2p2Q2/P7/7P/5PP1/6K1 b - - 3 26","c7c6 f5f7 g8h8 f7g7",991,"endgame mate mateIn2 short"
00Gv1,"8/1pp1r1kp/4r1p1/p1P5/5Q2/P4PPq/1P1R3P/3R2K1 w - - 2 32","d2d8 e6e1 d1e1 e7e1 g1f2 h3f1",991,"endgame long mate mateIn3"
003Jb,"6k1/3bqr1p/2rpp1pR/p7/Pp1QP3/1B3P2/1PP3P1/2KR4 w - - 6 22","d4a7 e7g5 c1b1 g5h6",993,"advantage fork master middlegame short"
00Gvp,"8/2kn1p2/8/3P4/R7/2P1N3/1r2K3/8 w - - 13 70","e2d3 d7c5 d3d4 c5a4",994,"advantage endgame fork short"
00J7i,"3r2k1/pQ3ppp/4R1n1/2q5/2P5/2B3P1/P4PBP/6K1 b - - 0 24","f7e6 b7g7",999,"endgame master masterVsMaster mate mateIn1 oneMove"
003AX,"2r2rk1/5ppp/bq2p3/p1ppP1N1/Pb1P2P1/1P2P2P/2QN4/2R1K2R b K - 1 18","c5d4 c2h7",1001,"kingsideAttack mate mateIn1 middlegame oneMove"
003o0,"r1bqk2r/pp1nbppp/3p4/1B1p4/3P1B2/8/PPP2PPP/R2QK1NR w KQkq - 2 9","g1f3 d8a5 d1d2 a5b5",1002,"advantage fork master opening short"
003jv,"1R6/1p2k2p/p2n2p1/4K3/8/6P1/P6P/8 w - - 10 37","b8h8 d6f7 e5e4 f7h8",1006,"crushing endgame fork short"
002O7,"r3qrk1/2p2pp1/p2bpn1p/2ppNb2/3P1P2/1PP1P1B1/P2N2PP/R2Q1RK1 b - - 0 14","f5g4 e5g4 f6g4 d1g4",1008,"crushing middlegame short"
00Aae,"1R6/1P6/4pkp1/5p2/3P3p/3KP3/8/1r6 b - - 0 43","h4h3 b8f8 f6e7 b7b8q b1b8 f8b8",1015,"advancedPawn clearance crushing endgame long promotion rookEndgame"
001om,"5r1k/pp4pp/5p2/1BbQp1r1/6K1/7P/1PP3P1/3R3R w - - 2 26","g4h4 c5f2 g2g3 f2g3",1018,"mate mateIn2 middlegame morphysMate short"
006GK,"2kr1br1/ppBb1ppp/8/3P2Q1/3n2n1/5N2/PP3qPP/RN2R2K b - - 0 16","d4f3 g5d8",1020,"mate mateIn1 oneMove opening queensideAttack"
009bR,"4r2k/3q2r1/1p4pQ/p1pP4/2P4P/1N4p1/PP3RK1/8 b - - 1 37","g7h7 f2f8 e8f8 h6f8",1024,"endgame mate mateIn2 short"
00Bn0,"r1bqkb1r/pp1pnppp/2n1p3/1N6/5B2/8/PPP1PPPP/R2QKBNR b KQkq - 4 6","e6e5 b5d6",1029,"mate mateIn1 oneMove opening smotheredMate"
001w5,"1rb2rk1/q5P1/4p2p/3p3p/3P1P2/2P5/2QK3P/3R2R1 b - - 0 29","f8f7 c2h7 g8h7 g7g8q",1034,"advancedPawn attraction mate mateIn2 middlegame promotion short"
00FH6,"r6r/1q2bpk1/7p/p1p1pPpn/Pp2P1nP/1P1B1N2/2P3P1/2BRR1QK w - - 7 30","c1b2 h5g3",1042,"mate mateIn1 middlegame oneMove"
00BJm,"r2q1rk1/1Q2bppp/p1N1p3/1p6/2pP1n2/2P5/PP3PPP/R4RK1 b - - 1 18","d8d5 c6e7 g8h8 e7d5",1052,"advantage fork hangingPiece middlegame short"
00Gt0,"R7/4k3/5p2/3p2p1/4b2p/2K1P2P/5PP1/8 w - - 2 47","f2f3 d5d4 c3d4 e4a8",1052,"crushing discoveredAttack endgame master short"
008Y3,"r5k1/1p1rqpp1/p3pnp1/2PN4/8/1Q5P/PP3PP1/3RR1K1 b - - 0 24","e7c5 d5f6 g7f6 d1d7",1055,"advantage discoveredAttack kingsideAttack master middlegame short"
003jH,"rn3rk1/p5pp/3N4/4np1q/5Q2/1P3K2/PB1P2P1/2R4R w - - 0 25","f3f2 e5d3 f2e3 d3f4 h1h5 f4h5",1058,"crushing fork long middlegame"
00Evs,"5qk1/pQ3pp1/7p/b2N1b2/P3r3/5K2/7P/R4B2 b - - 1 24","g7g5 d5f6 g8h8 f6e4",1059,"advantage fork middlegame short"
00DWo,"b4b1r/3k1ppp/p2p4/1p2p3/3nq3/N1P1B3/PP3PPP/R2Q1RK1 w - - 1 16","c3d4 e4g2",1060,"kingsideAttack mate mateIn1 middlegame oneMove"
003YF,"r4rk1/1pp2ppp/p2p4/2bPp3/2P1Pn1q/P1N2B2/1P3P2/R1BQK1R1 w Q - 1 15","c1f4 h4f2",1061,"attackingF2F7 mate mateIn1 middlegame oneMove"
0009B,"r2qr1k1/b1p2ppp/pp4n1/P1P1p3/4P1n1/B2P2Pb/3NBP1P/RN1QR1K1 b - - 1 16","b6c5 e2g4 h3g4 d1g4",1066,"advantage middlegame short"
00DBg,"rn2kbnr/pp6/2p2p2/4P3/4P1pq/2N3N1/PPPB2B1/R2Q1RK1 w kq - 1 17","g1f2 f8c5 d2e3 c5e3 f2e3 h4g3",1067,"advantage attraction exposedKing long middlegame"
001wr,"r4rk1/p3ppbp/Pp1q1np1/3PpbB1/2B5/2N5/1PPQ1PPP/3RR1K1 w - - 4 18","f2f3 d6c5 g1h1 c5c4",1068,"advantage fork master masterVsMaster middlegame short"
001wb,"r3k2r/pb1p1ppp/1b4q1/1Q2P3/8/2NP1Pn1/PP4PP/R1B2R1K w kq - 1 17","h2g3 g6h5",1071,"mate mateIn1 middlegame oneMove"
00JaW,"8/r7/Pk5p/3R2p1/4p1P1/4P3/3K4/8 b - - 0 48","a7a6 d5d6 b6a5 d6a6 a5a6 d2c3 a6b7 c3d4",1080,"crushing endgame exposedKing rookEndgame veryLong"
00LNB,"kr6/1pR4p/p4R2/n2r4/P3p3/4B3/6PP/6K1 b - - 0 38","d5d3 f6a6 b7a6 c7a7",1081,"endgame mate mateIn2 operaMate sacrifice short"
009uB,"3br2r/5k1p/4p1pQ/P5P1/1B5P/P6q/5R2/6K1 b - - 1 35","f7g8 f2f8 e8f8 h6f8",1089,"mate mateIn2 middlegame short"
007hv,"6k1/5p1p/1p4p1/p1bN1p2/2Pq1P2/1P5P/1P1Q2P1/7K w - - 1 32","d2c3 d4g1",1090,"endgame master mate mateIn1 oneMove"
00AoZ,"8/1R6/p1pk4/6bp/1QP5/P7/KP6/3r2q1 b - - 2 44","g1c5 b7d7 d6d7 b4c5",1090,"advantage deflection endgame short"
00DEc,"8/p5pk/1p3b1p/3r3P/6P1/3nBN2/P4PK1/4R3 w - - 3 30","e1d1 d3f4 e3f4 d5d1",1091,"crushing discoveredAttack endgame short"
009Wc,"1r3rk1/1pq2pbp/p1p1pnp1/2N1N3/3P4/1QP5/PP3PPP/3RR1K1 w - - 2 19","e5d7 f6d7 c5d7 c7d7",1092,"crushing middlegame short"
003IM,"8/5kp1/p3pb2/8/6Pp/1P4qP/P2RQ3/7K w - - 2 34","e2g2 g3e1 g2g1 e1d2",1096,"crushing deflection endgame master short"
00Go6,"2k5/1pp2pp1/p3p1p1/3pP2r/Q7/2P1N1P1/PP3nP1/2KR3r b - - 6 20","f2d1 a4e8",1098,"endgame mate mateIn1 oneMove"
003r5,"r2qr1k1/ppp2ppp/4b3/3P4/1nP2Q2/2N2N1P/PP3KP1/R4R2 w - - 1 15","d5e6 b4d3 f2g1 d3f4",1107,"crushing fork middlegame short"
000rO,"3R4/8/K7/pB2b3/1p6/1P2k3/3p4/8 w - - 4 58","a6a5 e5c7 a5b4 c7d8",1110,"crushing endgame fork master short"
002bK,"8/7p/2b1k3/p2p1pPB/1n1P3P/N1p1P3/4K3/8 b - - 1 42","c6b5 a3b5 c3c2 e2d2",1113,"advantage endgame hangingPiece short"
00LG5,"6k1/5r1p/4b1pQ/5q2/3B3P/2P5/6P1/4R1K1 w - - 7 36","e1e2 f5f1 g1h2 f1e2",1113,"advantage endgame fork short"
002HE,"1qr2rk1/1p1p1ppp/pB2p1n1/7n/2P1P3/1Q2NP1P/PP2B1Pb/3R1RK1 w - - 1 20","g1f2 b8g3",1116,"master mate mateIn1 middlegame oneMove"
001Wz,"4r1k1/5ppp/r1p5/p1n1RP2/8/2P2N1P/2P3P1/3R2K1 b - - 0 21","e8e5 d1d8 e5e8 d8e8",1118,"backRankMate endgame mate mateIn2 short"
005nD,"3rk2r/2qn1pp1/p1Q1R3/3n3p/8/8/PP4PP/5R1K b k - 0 23","f7e6 c6e6 d5e7 e6f7",1119,"fork mate mateIn2 middlegame short"
007tv,"r3k1nr/1pp2ppp/1pnp2q1/4p1B1/2B1P3/3P1Q1P/PPP2PP1/R4RK1 b kq - 0 11","g6g5 f3f7 e8d8 f7f8 d8d7 f8a8",1119,"advantage attackingF2F7 long middlegame skewer"
00Ahb,"1k4nr/pp1r1ppp/4p3/1Nb2q2/2Pp4/6P1/PP3P1P/R1BQR1K1 b - - 2 14","g8h6 c1f4 f5f4 g3f4",1123,"crushing middlegame short"
0071K,"3N1r2/6R1/kp6/p2pPp1Q/2pP2P1/2q5/2P5/2K5 w - - 0 38","g7a7 a6a7 h5h7 a7a6",1125,"crushing defensiveMove endgame hangingPiece short"
00Hxb,"1rbr1k2/p4ppp/2B5/2pR1NP1/2P5/P7/7P/4R1K1 b - - 0 27","d8d5 e1e8",1125,"endgame mate mateIn1 oneMove operaMate"
00Bm8,"8/6kp/4b1q1/1p6/1PpPp2Q/2P1P3/r2N2P1/5RK1 w - - 7 34","d2e4 g6g2",1126,"endgame master mate mateIn1 oneMove"
0039T,"1r5r/p3kp2/4p2p/4P3/3R1Pp1/6P1/P1P4P/4K2R w K - 1 25","d4a4 b8b1 e1f2 b1h1 a4a7 e7f8",1127,"crushing defensiveMove endgame long rookEndgame skewer"
00AB1,"8/7Q/3p1kp1/1p6/2b5/2P4P/5PPK/4q3 b - - 8 36","e1c3 h7h8 f6e6 h8c3",1128,"crushing endgame short skewer"
001xl,"8/4R1k1/p5pp/3B4/5q2/8/5P1P/6K1 b - - 5 40","g7f6 e7f7 f6e5 f7f4",1131,"advantage endgame master masterVsMaster short skewer superGM"
0050w,"5rk1/1p2p1rp/p2p4/2pPb2R/2P1P3/1P1BKP1R/8/8 b - - 4 30","g7g3 h3g3 e5g3 h5g5 g8f7 g5g3",1131,"crushing endgame fork long"
0088O,"7Q/2p5/1p2prp1/p4k1p/P4p1P/8/6RK/3q4 b - - 2 37","d1a4 g2g5 f5e4 h8f6",1133,"crushing deflection endgame short"
0048h,"4r3/p5k1/2p2R1p/2Pp4/1P1pr1P1/P6P/8/3R3K w - - 1 35","f6c6 e4e1 d1e1 e8e1 h1g2 d4d3",1134,"crushing endgame exposedKing long rookEndgame"
00L76,"5rk1/5pp1/4p3/7R/2P5/2n2N2/5r2/2K4R b - - 2 37","g7g6 h5h8 g8g7 h1h7 g7f6 h8f8",1138,"crushing deflection endgame long"
00J1Y,"1q3r2/p5k1/1p2pbpp/2p2p2/2P1N3/2P2PQP/PP3P2/6RK b - - 2 29","f5e4 g3g6 g7h8 g6h6",1141,"deflection endgame mate mateIn2 short"
00L84,"6k1/5pp1/7p/2p5/2P5/2rp2PP/PR3P2/5K2 w - - 0 37","b2b3 c3c1 f1g2 d3d2",1141,"advancedPawn crushing endgame master rookEndgame short"
007QU,"2rq1rk1/1b3p1p/p3p3/1p1pB1p1/2nP2N1/1RP1PP2/P1Q3PP/3R2K1 b - - 1 22","f7f5 g4h6",1143,"mate mateIn1 middlegame oneMove"
009oc,"5Q2/pbp3np/1p1pB1pk/1P6/P3q2P/6K1/8/8 b - - 1 32","e4e6 f8f4 g6g5 f4g5",1144,"endgame mate mateIn2 short"
00Af3,"8/8/2B2p1p/P4Pp1/3p1kP1/1b1Pb2P/8/4K3 b - - 0 50","f4g3 a5a6 b3c4 a6a7",1144,"advancedPawn bishopEndgame crushing endgame short"
009f8,"8/1p4p1/pb2ppkp/3n4/3P4/P3BN1P/1P2KPP1/8 b - - 0 26","g6f5 f3h4 f5e4 f2f3",1149,"endgame mate mateIn2 short"
00Gvr,"8/1b3pp1/1k4Pp/4K2P/4PP2/8/8/8 b - - 0 46","f7f6 e5e6 b7e4 e6f7",1149,"advantage bishopEndgame defensiveMove endgame master short"
001wR,"6nr/pp3p1p/k1p5/8/1QN5/2P1P3/4KPqP/8 b - - 5 26","b7b5 b4a5 a6b7 c4d6 b7b8 a5d8",1152,"endgame long mate mateIn3"
004X6,"1r4k1/p4ppp/2Q5/3pq3/8/P6P/2PR1PP1/Rr4K1 w - - 1 26","a1b1 b8b1 d2d1 b1d1",1152,"endgame mate mateIn2 short"
00GuD,"1n5k/4r1p1/p2q1rPp/1ppB4/8/3P4/PPP1RPQ1/2K4R b - - 4 25","e7e2 h1h6 g7h6 g6g7 h8h7 g7g8q",1152,"advancedPawn kingsideAttack long mate mateIn3 middlegame promotion sacrifice"
003eP,"8/r1b1q2k/2p3p1/2Pp4/1P2p1n1/2B1P3/NQ6/2K4R b - - 1 36","h7g8 h1h8 g8f7 h8h7 f7e8 h7e7",1156,"crushing exposedKing long middlegame skewer"
006HV,"1r6/5k2/2p1pNp1/p5Pp/1pQ1P2P/2P4R/KP3P2/3q4 w - - 4 31","c4c6 b4b3 a2a3 d1a1",1159,"endgame mate mateIn2 short"
009IO,"3rk3/5p1r/p2Np1p1/3bP3/P2n4/8/1P3RPP/5RK1 b - - 4 25","e8e7 f2f7 h7f7 f1f7",1162,"hookMate mate mateIn2 middlegame short"
008tL,"8/7k/pR5p/3p4/5r2/2P1p2P/P5P1/6K1 w - - 0 40","b6a6 e3e2 a6e6 f4f1",1165,"advancedPawn crushing endgame master rookEndgame short"
00GY4,"3k2r1/pR5R/3r4/4p1q1/7Q/3Pn1PP/PP5K/8 b - - 0 27","g5h4 b7b8",1167,"endgame mate mateIn1 oneMove"
00JAo,"8/5r2/6pk/7p/7P/5PK1/R7/8 b - - 2 58","g6g5 a2a6 h6g7 h4g5",1167,"crushing deflection endgame master rookEndgame short"
00LPw,"1rb4r/pp1nb1pp/5nk1/3Np3/2q1P3/2N2Q2/PPP2PPP/R1B1K2R b KQ - 4 12","f6d5 f3f5",1173,"mate mateIn1 middlegame oneMove"
004Lu,"8/p1p4p/4Pk2/2PP1p1P/1r3r2/5B2/P3RK2/8 b - - 3 38","f6e7 d5d6 c7d6 c5d6 e7d6 e6e7",1189,"advancedPawn advantage endgame exposedKing long master"
004LZ,"8/7R/5p2/p7/7P/2p5/3k2r1/1K2N3 w - - 3 48","e1g2 c3c2 b1a2 c2c1q h7d7 d2e2",1197,"advancedPawn crushing defensiveMove deflection endgame long promotion"
00Aas,"3r1rk1/1p2q1pp/5p2/8/1P1n4/6Q1/PPbB1PPP/R2B1RK1 w - - 9 20","d1c2 d4e2 g1h1 e2g3 f2g3 d8d2",1199,"crushing fork long middlegame"
00EbJ,"r2q1rk1/ppp2ppp/2nbb3/8/6n1/2NPBN2/PPP1BPPP/R2QK2R w KQ - 5 9","f3g5 g4e3 f2e3 d8g5",1201,"capturingDefender crushing opening short"
00Hut,"r4rk1/4p1bp/3p2p1/q1pP1P2/4QP2/4B3/1p5P/1BKR3R w - - 0 22","c1c2 a5c3",1203,"mate mateIn1 middlegame oneMove"
00Dt6,"5rk1/p4p1p/4p1p1/5nq1/8/5QPP/5PK1/2RR4 w - - 6 35","c1b1 f5h4 g2f1 h4f3",1204,"crushing endgame pin short"
004kB,"4rr1k/pQpn2pp/3p1q2/8/8/2P5/PP3PPP/RN3RK1 w - - 1 16","b7c7 f6f2 f1f2 e8e1 f2f1 e1f1",1209,"kingsideAttack long mate mateIn3 middlegame sacrifice"
005jJ,"r1b1qrk1/pp1n1pbp/2pp1np1/4p3/2PP1B2/2NBPN1P/PP3PP1/R2Q1RK1 w - - 0 10","d4e5 d6e5 f4h2 e5e4",1215,"advantage opening short"
00Kyy,"8/P7/8/5k2/8/5pr1/5r2/R6K w - - 0 50","a7a8q g3h3 h1g1 f2g2 g1f1 h3h1",1219,"endgame exposedKing long master mate mateIn3 queenRookEndgame"
00NUS,"4rk2/pbp2pp1/1p1b4/3P1q2/QPBPN3/1KP2P2/P5r1/R3R3 w - - 0 25","e4d6 f5c2 b3a3 c2b2",1225,"mate mateIn2 middlegame short"
00KYU,"3r4/p2n2kp/1p2Bpp1/2r2N2/4q3/6QP/P5P1/5R1K b - - 1 40","g7f8 g3d6 f8e8 d6e7",1228,"mate mateIn2 middlegame short"
00Oim,"1r3rk1/q5pp/2R5/3P4/8/1p2NpPb/1P3P1P/2QR2K1 w - - 0 32","c1c4 a7e3 f2e3 f3f2",1228,"advancedPawn advantage middlegame sacrifice short"
00Q4v,"8/2p1b3/q1Pp2k1/3Pp3/4Pr2/1Q3PK1/3N2P1/7R w - - 1 47","h1e1 e7h4 g3h2 h4e1",1228,"crushing endgame short skewer"
002IE,"r3brk1/5pp1/p1nqpn1p/P2pN3/2pP4/2P1PN2/5PPP/RB1QK2R b KQ - 4 16","c6e5 d4e5 d6e7 e5f6",1229,"advantage fork middlegame short"
00Bp0,"1r2kr2/pp3p1p/2b1pn2/4N3/2P5/1N1B4/P3KP1P/6R1 b - - 4 21","f6e4 e5c6 b7c6 d3e4",1229,"advantage capturingDefender middlegame short"
002Z9,"4r1k1/1p2R1p1/p2p2Pp/P1pP4/5q2/1R3p2/1P1Q3P/5B1K b - - 0 34","f4d2 e7e8",1231,"endgame hangingPiece master mate mateIn1 oneMove"
00AhO,"r1b2rk1/2q2p1p/1p2pbp1/pP6/2P1Q3/P2B1N2/5PPP/3R1RK1 w - - 0 20","e4a8 c8b7 a8a7 f8a8 a7a8 b7a8",1233,"advantage clearance long master middlegame trappedPiece"
009wR,"1R2R3/p7/1p1k3p/1Pb5/P5p1/6P1/5rKP/8 w - - 6 41","g2h1 f2f1 h1g2 f1g1",1239,"endgame mate mateIn2 operaMate short"
00HJd,"r1bqkb1r/pp2pppp/2p2n2/2PnN3/2BP1B2/8/PP3PPP/RN1QR1K1 b kq - 2 12","d5f4 c4f7",1242,"attackingF2F7 mate mateIn1 oneMove opening"
00AdI,"3r4/4kp1p/1PQ1p1p1/p3b3/1p2P2P/1P6/6PK/8 w - - 1 36","h2h3 d8d3 g2g3 d3g3 h3h2 g3c3",1254,"crushing discoveredAttack discoveredCheck endgame long master"
00L4x,"1r4k1/4Ppbp/p5p1/2q5/p2n4/P2Q2B1/r2N1PPP/3KR2R b - - 0 27","g7h6 e7e8q b8e8 e1e8",1260,"advancedPawn crushing kingsideAttack middlegame promotion short"
00BSo,"2r3k1/4R1pp/p1p2p2/2p5/2P5/1PbN3P/P4PP1/6K1 w - - 0 25","d3c5 c3b4 e7a7 b4c5",1266,"advantage endgame short"
00IF1,"1k6/p1p5/P2p4/3P4/1PK2N1p/4P3/5r2/4B3 b - - 12 57","f2f4 e3f4 h4h3 e1g3",1266,"crushing defensiveMove endgame hangingPiece short"
009J1,"rn2k2r/pp2bp1p/2p1pNp1/6B1/5P2/7P/PPP4P/2K1RR2 b - - 3 17","e8f8 g5h6",1269,"mate mateIn1 middlegame oneMove"
00Er4,"r3k2r/p1bN2pp/2p1pp2/3p3b/3P1q2/2N4P/PPPQ1PP1/R3R1K1 w kq - 0 16","e1e6 e8d7 d2f4 c7f4",1269,"crushing hangingPiece middlegame short"
00B8m,"3b4/3P4/pp2Pk2/5r2/P6p/3Q4/8/7K w - - 1 43","d3f5 f6f5 e6e7 d8e7 d7d8q e7d8",1275,"crushing endgame hangingPiece long"
00H1C,"r3r3/1kpRnqpp/p4p2/Qp2P2P/1N6/4Pb2/PPP3P1/2K2R2 b - - 0 22","e7c6 a5c7",1276,"mate mateIn1 middlegame oneMove swallowstailMate"
007eS,"6k1/p4p2/1p5p/4r3/P3B3/1P3P2/2PK2PP/8 w - - 0 29","d2e3 f7f5 g2g4 f5e4",1279,"advantage endgame short"
001Fg,"2R2r1k/pQ4pp/5rp1/3B4/q2n4/7P/P4PP1/5RK1 w - - 3 30","c8c7 d4e2 g1h2 a4f4 h2h1 e2g3 f2g3 f4f1",1286,"advantage middlegame veryLong"
003nQ,"6rk/pp6/2n5/3ppn1p/3p4/2P2P1q/PP3QNB/R4R1K w - - 2 29","f1g1 f5g3 f2g3 g8g3",1286,"crushing kingsideAttack master middlegame pin short"
00G81,"3r4/5k2/p4Pp1/2pK2Pp/2R5/P7/8/8 w - - 7 51","d5c5 d8c8 c5d4 c8c4 d4c4 h5h4",1287,"crushing defensiveMove endgame long rookEndgame"
007OE,"8/pkp5/2p1p3/3p4/N2q4/1n4Q1/PPP3Pr/K2R4 w - - 2 29","a2b3 d4d1 a1a2 h2h1 a4c5 b7b6",1289,"advantage endgame hangingPiece long quietMove"
00LI0,"r2qk2r/pp1n1ppp/4pn2/3p2B1/1b1P4/2N1QN1P/PPb1BPP1/R4RK1 w kq - 0 12","c3d5 f6d5 g5d8 d5e3",1289,"crushing hangingPiece middlegame short"
00O9q,"5r2/5p1k/4nP2/4N1p1/8/6P1/6K1/R7 b - - 1 78","h7h6 a1h1",1292,"endgame master mate mateIn1 oneMove"
00MFe,"3r3k/p5pp/2r2q2/2p4Q/8/8/P5PP/3R1R1K b - - 5 29","d8d1 h5e8 f6f8 e8f8",1294,"endgame mate mateIn2 short"
004JD,"3r4/R7/2p5/p1P2p2/1p4k1/nP6/P2KNP2/8 w - - 3 41","d2e3 a3c2",1296,"cornerMate endgame mate mateIn1 oneMove"
00G7g,"3r1rk1/p4pp1/b1p4p/8/BPPq4/P2P3P/2Q3P1/RNB4K b - - 2 27","d4a1 c1b2 a1b2 c2b2",1297,"advantage middlegame short"
00ICz,"2k2rr1/1p1q3p/1p2p3/1NbpQ3/P1p2P2/6P1/6KP/R4R2 b - - 0 31","f8f5 b5a7 c8d8 e5b8 d8e7 b8g8",1298,"crushing long middlegame skewer"
00O37,"r1q1r1k1/1p3pp1/n1p4p/p1bpp2P/P3P3/2P2P2/1P1QBP2/R1BK3R b - - 3 23","c5f2 e2a6 b7a6 d2f2",1300,"advantage discoveredAttack middlegame short"
003mh,"r4k1r/1pp2p2/p2p3p/3N4/3P2q1/8/PPP5/1K2Q1NR b - - 1 23","a8e8 e1e8 f8e8 d5f6 e8e7 f6g4",1304,"advantage attraction fork long middlegame sacrifice"
00BCa,"1r6/p2kp1P1/3p4/2pP4/2P2B2/pN6/5PK1/8 b - - 1 41","a3a2 b3c5 d6c5 f4b8 a2a1q g7g8q",1315,"advancedPawn crushing endgame long master promotion"
00MeO,"r1b1kb1r/1p2np2/p1p4p/4PPp1/3PN3/8/PPP3PP/R1B2RK1 b kq - 0 15","c8f5 e4d6 e8d7 d6f5",1315,"advantage middlegame short"
00Ea3,"3r4/p5k1/1p1qprnp/1Q1pN1p1/3P1pP1/1PP5/P5PP/4RRK1 b - - 3 29","g6e5 d4e5 d6c5 b5c5 b6c5 e5f6",1316,"crushing fork long middlegame"
00Lh9,"4r3/7P/1p4Q1/1b4B1/1k4n1/8/1P2n1PK/4R3 w - - 2 41","h2h1 e2g3 h1g1 e8e1",1316,"discoveredAttack mate mateIn2 middlegame short"
009FP,"r1b1k1nr/ppp2pbp/3ppqp1/8/2BnP3/N2P2QP/PPP2PP1/R1B1K2R b KQkq - 4 9","e6e5 c1g5 f6g5 g3g5",1321,"advantage opening short trappedPiece"
0040n,"r7/p2k1pp1/p1p1pn2/3p4/3P4/P3PQp1/1PP2P1q/2K4R w - - 0 20","h1h2 g3h2 f3h3 f6g4",1325,"advancedPawn advantage endgame short"
004u0,"6k1/ppq3pp/2p1rp2/4r3/4p1Q1/P5RP/1P3PP1/3R2K1 b - - 3 34","e6e8 d1d7 c7d7 g4d7",1325,"advantage endgame short"
00P6j,"r2n2k1/1bRq1rpp/1p6/3P4/p3Q3/B3P3/PP3PPP/3R2K1 b - - 0 20","d7c7 e4e8 f7f8 e8f8",1325,"kingsideAttack mate mateIn2 middlegame short"
005Bm,"4rk2/p1q5/1p3Q1b/8/1p5N/2P1p3/P3P3/2K5 b - - 0 43","c7f7 h4g6 f8g8 f6h8",1327,"endgame mate mateIn2 pin short"
00GAf,"r5k1/5pp1/1p1rb2p/3pR2q/p1pP4/P1P3Q1/5PPN/4R1K1 b - - 1 30","h5g6 g3g6 f7g6 e5e6 d6e6 e1e6",1327,"crushing long middlegame"
00F3S,"3r1rk1/5ppp/p5q1/1p1P4/2PpP3/P6Q/B4PPP/2R3K1 b - - 0 29","g6e4 a2b1 e4b1 c1b1",1329,"crushing endgame short"
004mT,"5Q2/8/1b1kp1p1/5p2/3p4/5qPK/7P/8 b - - 1 51","d6c6 f8a8 c6d6 a8f3",1331,"advantage endgame short skewer"
00KO5,"2r2rk1/3p1ppp/p3p3/1p2q3/6P1/3Q4/PP5P/1K2RR2 b - - 0 22","e5h2 f1h1 h2c2 d3c2 c8c2 b1c2",1331,"advantage endgame long"
00KhM,"5rk1/5ppp/1R6/3Qp3/2B1P3/2q3P1/3R1PKP/1r6 b - - 0 27","b1b6 d5f7 f8f7 d2d8",1331,"clearance endgame mate mateIn2 pin sacrifice short"
00DBP,"5k1r/pp1b1p2/4p2p/2KpP2B/5P2/P5R1/7P/8 b - - 4 34","h8g8 g3g8 f8g8 c5d6",1335,"advantage endgame master short"
00MTn,"2rqk2r/3n4/1p2p3/p3N2p/Q1PP2p1/P2BP3/3K1Pb1/R6R w k - 0 22","h1h5 h8h5 d3g6 e8e7 a4d7 d8d7",1335,"advantage hangingPiece long middlegame"
00G0z,"Q4n1k/p2b2pp/3b4/2p5/4pq2/2Pn3P/PP1NBPP1/R1B2RK1 w - - 1 23","d2e4 f4h2",1337,"mate mateIn1 middlegame oneMove"
00K8j,"r2q2kr/p4pp1/4b2p/n1Qn4/5B2/4P3/PP3PPP/2KR1BNR w - - 1 14","f4c7 d8c7 c5c7 d5c7",1345,"advantage opening short"
000lC,"3r3r/pQNk1ppp/1qnb1n2/1B6/8/8/PPP3PP/3R1R1K w - - 5 19","d1d6 d7d6 b7b6 a7b6",1349,"advantage hangingPiece middlegame short"
00Dxh,"8/8/8/6R1/2pk2P1/1r3K1P/8/8 w - - 0 48","f3g2 c4c3 g5g7 c3c2",1349,"advancedPawn crushing endgame master masterVsMaster rookEndgame short"
00AHY,"r6k/3NR1p1/4n2p/5b2/p6P/6R1/8/6K1 w - - 2 43","h4h5 a4a3 g3a3 a8a3 e7e8 h8h7",1356,"advantage endgame long"
00CiZ,"5r1k/6b1/3p3p/1P1q2pQ/r5P1/3p1N1P/3R2P1/4R2K w - - 2 34","e1d1 f8f3 g2f3 d5f3",1360,"crushing middlegame short"
00O8m,"r3r1k1/ppp2ppp/2nn1q2/8/3P4/P1P1P1P1/2Q3BP/R1B1KR2 b Q - 4 16","f6e6 d4d5 e6e5 d5c6",1362,"crushing fork middlegame short"
000Zo,"4r3/1k6/pp3r2/1b2P2p/3R1p2/P1R2P2/1P4PP/6K1 w - - 0 35","e5f6 e8e1 g1f2 e1f1",1363,"endgame mate mateIn2 operaMate short"
00Bg4,"3r2k1/1q3ppp/p2rp3/Qp1B4/7P/P4P2/1PP3P1/1K1R3R b - - 0 21","d6d5 a5d8 d5d8 d1d8",1370,"backRankMate endgame mate mateIn2 short xRayAttack"
00KAq,"5rr1/3pk1q1/p2Rp3/1pP4p/1P3p2/2P2QP1/1P3P1P/5RK1 w - - 1 26","d6d4 f4g3 d4d7 e7d7 f3b7 d7e8",1373,"advantage endgame long"
006cZ,"3r1rk1/1p4p1/p1p3Qp/2q5/8/3n1N1P/PP1R2P1/5R1K b - - 7 28","g8h8 d2d3 d8d3 g6d3",1374,"advantage master masterVsMaster middlegame short"
00PHg,"R7/P4p2/5k1p/q5n1/5R2/7P/5PK1/8 b - - 2 46","f6e5 a8e8 e5f4 a7a8q a5a8 e8a8",1374,"advancedPawn advantage clearance endgame long promotion"
00BrZ,"r6r/pp2kb2/3p1p1Q/1N1Pp3/3bP3/P2B2P1/1P4PP/7K w - - 6 28","h6d2 h8h2 h1h2 a8h8 d2h6 h8h6",1380,"attraction kingsideAttack long mate mateIn3 middlegame pillsburysMate sacrifice"
0008Q,"8/4R3/1p2P3/p4r2/P6p/1P3Pk1/4K3/8 w - - 1 64","e7f7 f5e5 e2f1 e5e6",1383,"advantage endgame rookEndgame short"
00Pu5,"6k1/1b3pbp/6p1/1Nr3q1/1Q1p4/P7/5PPP/4RBK1 b - - 0 27","c5c1 e1e8 g7f8 b4f8",1383,"master mate mateIn2 middlegame short"
00Dib,"7k/8/4PKR1/3r4/6P1/6b1/8/8 b - - 2 46","g3h4 g4g5 h4g5 g6g5 d5g5 f6g5",1386,"endgame master"
005wJ,"r3kb1r/ppqn1ppp/4pn2/1Q2Nb2/3P4/8/PP2PPPP/RNB1KB1R w KQkq - 4 9","e5d7 c7c1",1390,"hangingPiece mate mateIn1 oneMove opening"
009Os,"r2b2k1/1p3q1p/p2p4/3P2p1/2P1PRQr/8/P2B3P/2R4K w - - 1 29","g4g3 h4f4 d2f4 f7f4 g3f4 g5f4",1390,"crushing long middlegame"
00PUc,"3r3k/pp4bp/3Bn1p1/7n/8/8/PP3P1K/R4RN1 w - - 1 27","a1d1 d8d6 d1d6 g7e5 h2h1 e5d6",1394,"advantage attraction exposedKing fork long middlegame sacrifice"
00DcC,"5k2/6pp/p1b3P1/2N2P1r/p7/8/1KP5/5R2 b - - 0 36","h7h6 c5e6 f8e7 e6g7",1400,"crushing deflection endgame master short"
00761,"3r2k1/1b3pbR/p2P2P1/3p2N1/2p5/2P2N2/PP6/2K5 b - - 0 28","f7g6 h7g7 g8g7 g5e6 g7g8 e6d8",1401,"attraction crushing endgame exposedKing fork long sacrifice"
00Bul,"rnbqk2r/pp3ppp/5n2/3pN3/2B5/2P5/P1PPQPPP/R1B1K2R b KQkq - 1 8","d5c4 e5c6 c8e6 c6d8",1401,"advantage discoveredAttack discoveredCheck opening short"
00Cs4,"2r1q1k1/8/b2b1r1p/Pp1pNpp1/3Pn3/1RPQ3P/P1B1NPP1/4R1K1 w - - 3 28","a2a4 b5a4 d3a6 a4b3",1401,"advantage middlegame short"
00Erm,"3r4/6k1/1p1pr1p1/p1p2p2/PnP1p1P1/1P6/3R1PBP/4R1K1 b - - 0 29","b4d3 d2d3 e4d3 e1e6 d3d2 g2f3",1402,"crushing defensiveMove endgame long"
009zS,"r3r1k1/1p3p1p/p1p3p1/8/6bP/Q3b3/PP2B1P1/R3K2R w KQ - 2 20","g2g3 g4e2 e1e2 e3c5 e2f3 c5a3",1405,"advantage discoveredAttack discoveredCheck exposedKing long middlegame"
0054a,"r1b2rk1/ppq2ppp/8/4b2Q/4R3/3B4/PP3PPP/R1B3K1 b - - 1 15","g7g6 h5e5 c7e5 e4e5",1408,"advantage middlegame short"
00PF3,"2kr3r/Qpp2ppp/3b1n2/8/3N4/4P1Pq/PP1B1P1P/2R2RK1 w - - 4 18","d4b5 f6g4 b5d6 d8d6 c1c7 c8c7",1408,"advantage long middlegame"
000aY,"r4rk1/pp3ppp/2n1b3/q1pp2B1/8/P1Q2NP1/1PP1PP1P/2KR3R w - - 0 15","g5e7 a5c3 b2c3 c6e7",1412,"advantage master middlegame short"
009BH,"3r2k1/6p1/4Q3/4B3/1p3P2/4PKP1/3q4/8 b - - 17 51","g8h8 e6h6 h8g8 h6g7",1413,"endgame mate mateIn2 pin short"
00Myw,"r1b3r1/2q2p1k/1n2p2n/p2pP1NP/P1pP1QP1/1pP5/1P3PB1/R3R1K1 b - - 4 26","h7h8 f4f6 g8g7 f6h6",1416,"crushing fork master middlegame short"
00Kq4,"r2qk3/5p1r/p1p1p3/1p1pP1p1/P1nP2Pn/2P2NB1/2P2P2/R1QR2K1 w q - 1 21","f3g5 d8g5 c1g5 h4f3 g1g2 f3g5",1417,"advantage attraction fork long middlegame sacrifice"
0068B,"r1q3k1/4bppp/pp2pn2/4B3/8/2N2Q2/PPPR1PPP/6K1 b - - 0 18","f6d7 d2d7 c8d7 f3a8",1419,"crushing deflection middlegame short"
008D5,"r1bqk2r/pp3ppp/4p2n/3pP3/1b1P1P2/2N5/PP4PP/R1BQKB1R b KQkq - 2 9","h6f5 d1a4 c8d7 a4b4",1421,"advantage fork master opening short"
006wz,"2r5/4ppkp/5bp1/1p6/1P6/P3B3/2r2PPP/1R1R2K1 b - - 2 22","f6b2 b1b2 c2b2 e3d4 f7f6 d4b2",1426,"attraction crushing endgame fork long sacrifice"
009aD,"r4k1r/pp3pp1/4p3/3pP1np/6bq/1PP2P2/P3B1PP/RN1Q1RK1 w - - 1 14","f3g4 h5g4 e2g4 h4h2",1426,"advantage kingsideAttack middlegame short"
00BnG,"4Q3/ppkr1pp1/2p3n1/2P4p/1P1P4/4K3/P5P1/8 w - - 2 33","d4d5 d7e7 e8e7 g6e7",1426,"crushing endgame fork short"
00IqI,"r5k1/pp3ppp/2p5/4pb2/2B2q2/P1P1nP2/1P1Q3P/3R1R1K b - - 1 22","e3c4 d2d8 a8d8 d1d8",1427,"backRankMate master mate mateIn2 middlegame sacrifice short"
00KHR,"8/6pk/1Q1p2n1/4p3/2P3P1/P2PP2P/1B4K1/4q3 w - - 1 35","g2f3 g6h4 f3e4 e1h1",1427,"endgame mate mateIn2 short"
00QCe,"1k5r/n2r2pp/5p2/ppN5/5P2/8/2R3PP/1R4K1 b - - 3 28","d7c7 c5a6 b8b7 a6c7",1427,"crushing endgame fork short"
004zI,"2q3k1/4br1p/6RQ/1p1n2p1/7P/1P4P1/1B2PP2/6K1 b - - 0 27","h7g6 h6h8",1429,"endgame mate mateIn1 oneMove"
00B3B,"2K5/3P4/5b2/p1B5/P7/3k4/6p1/8 w - - 7 77","d7d8q f6d8 c8d8 d3c4",1429,"crushing endgame short"
005do,"7r/pp1k4/4p1b1/3pP1Np/3P1P1K/8/P7/2R5 b - - 7 42","h8f8 c1c7 d7c7 g5e6 c7b6 e6f8",1433,"attraction crushing deflection endgame fork long sacrifice"
00M1q,"2r3k1/2r1q1p1/p3p1Q1/1p1p4/nP1P4/2P4R/P4PPP/2R3K1 b - - 0 30","e7f6 g6h7 g8f7 h3f3 f6f3 g2f3",1434,"advantage long middlegame pin"
00IUT,"1r2r1k1/ppp1q1pp/4b3/4P3/1Q1p1P2/8/P5PP/R1BR2K1 w - - 6 19","d1d4 c7c5 b4a3 c5d4 a3e7 e8e7",1439,"crushing fork long middlegame"
00Or5,"r2qkbnr/pp5p/8/4Nb2/3p4/1QN5/PP2PPPP/R3KB1R b KQkq - 1 12","d4c3 b3f7",1443,"mate mateIn1 oneMove opening"
006RM,"1k1r3r/2q5/pp1n2p1/8/1Q6/3R2P1/PPP2P1P/3R2K1 b - - 4 29","c7c5 b4c5 b6c5 d3d6 d8d6 d1d6",1445,"crushing long middlegame"
00InW,"8/2p5/pp1p4/3PnN2/PPP1Pp2/5P1p/5K1k/8 b - - 3 46","e5f3 f2f3 h2g1 f3f4 h3h2 f5g3",1450,"crushing defensiveMove endgame hangingPiece knightEndgame long"
00GBV,"3r1rk1/pp2n1pp/8/8/Nq6/1PB5/P3QPPP/4R1K1 b - - 1 25","b4d6 e2e7 d6e7 e1e7",1451,"advantage middlegame short"
00JR7,"r4rk1/pp2q1p1/2p1p2p/3nP1pP/3P2P1/2PQ1R2/PPB5/R5K1 b - - 1 23","f8f3 d3h7 g8f7 c2g6 f7f8 h7h8",1454,"kingsideAttack long mate mateIn3 middlegame"
001m3,"7r/6k1/2b1pp2/8/P1N3p1/5nP1/4RP2/Q4K2 w - - 2 38","e2e6 h8h1 f1e2 h1a1",1455,"advantage endgame short skewer"
002VP,"8/6p1/2B1bn2/6k1/3B4/6K1/4P3/8 b - - 4 44","e6d5 d4f6 g5f5 c6d5",1466,"crushing endgame short"
003UW,"8/6pk/7p/2p5/2qp4/5PP1/P3QK1P/8 b - - 1 40","c4d5 e2e4 d5e4 f3e4",1473,"advantage endgame queenEndgame short"
00Cwz,"1r5r/5pk1/4p3/2Np2PP/p1nP4/n1P5/P3B3/K1R4R w - - 2 34","c5a4 b8b1 c1b1 a3c2",1475,"mate mateIn2 middlegame sacrifice short"
00AFG,"r4rk1/2q2ppp/p3bp2/2P2N1Q/Ppp5/8/1PP2PPP/R2R2K1 b - - 6 21","c7c5 f5h6 g7h6 h5c5",1476,"advantage discoveredAttack middlegame short"
00LOy,"5k2/1p3pp1/p3pb2/r7/2P2B2/1P6/1PR1K1PP/8 b - - 0 33","f6e5 b3b4 a5a1 f4e5",1476,"crushing endgame short"
00HXr,"2k4r/Q1p2pp1/5n2/3rNq2/4p2p/6Pb/PPP1BP1P/R3R1K1 b - - 1 22","h4g3 a7a8",1478,"mate mateIn1 middlegame oneMove"
00J9b,"4k2r/4bppp/5n2/4N3/3P4/2P3P1/rp1KQP1P/1R5q b k - 1 21","h1b1 e2b5 e8f8 b5b8 f6e8 e5d7 f8g8 b8e8 e7f8 e8f8",1478,middlegame
00KSB,"r7/4kpRp/2p2p1P/p1P1n3/Pp6/1B6/5PP1/6K1 b - - 2 35","a8h8 f2f4 e5d7 g7f7",1478,"crushing endgame short"
00Kbj,"8/8/6p1/PR3p2/1P3k2/7P/r5P1/7K w - - 1 39","h3h4 f4g3 b5d5 a2a1 d5d1 a1d1",1479,"endgame long mate mateIn3 rookEndgame"
00LUV,"5r2/6k1/p3p2p/1p2P3/1P1p2R1/3Q3P/3r1qPK/8 b - - 1 31","g7h8 d3g6 f2g2 g4g2 d2g2 g6g2",1480,"crushing endgame long"
00CWE,"3r4/1p4p1/2pBkbBp/p1P5/3rp3/P7/1PK2P2/4R3 b - - 1 31","e6d5 g6f7",1483,"endgame mate mateIn1 oneMove"
00HoG,"5r1k/5r2/2b2RQp/1p1p2p1/1q4P1/8/8/1B3R1K b - - 0 36","f7f6 g6h7",1492,"mate mateIn1 middlegame oneMove"
003S3,"r4k1r/pNqnppb1/6pn/2p3Np/7P/2P2Q2/PP3PP1/R1B1K2R b KQ - 2 15","a8b8 g5e6 f8g8 e6c7",1494,"advantage middlegame pin short"
00MIY,"6k1/3R3p/1p5q/3P4/3QP1pN/6P1/PPr3B1/5rK1 w - - 0 25","g1f1 h6c1 d4d1 c1d1",1496,"endgame mate mateIn2 short"
00Dke,"5bk1/2Q2p1p/5qp1/p7/P1Bp4/1Pr4P/5PP1/3R2K1 b - - 5 27","c3c2 c4f7 g8g7 c7c2",1498,"crushing discoveredAttack endgame master short"
00Mbv,"2k2b1r/pp3ppp/1n6/BN2p1P1/2Q1Nn1P/8/PP3P2/2KR4 b - - 0 24","b6c4 d1d8",1498,"mate mateIn1 middlegame oneMove operaMate"
00HDS,"6k1/pp2R3/6pp/8/3r4/P4BbP/1P4P1/6K1 b - - 3 38","d4c4 f3d5 g8f8 e7f7 f8e8 d5c4",1501,"crushing endgame exposedKing fork long"
00Ngg,"3qk2r/1p1bbppp/4pn2/1BPp1n2/3P4/4PN2/5PPP/BN1QK2R w Kk - 1 15","d1e2 d8a5 a1c3 a5b5",1510,"advantage fork middlegame short"
00Aq4,"2k1r3/pppn1pp1/3b2b1/3p2Pp/2B2P2/3P3P/PPPR4/2K3NR w - - 0 18","c4d5 e8e1 d2d1 d6f4 c1b1 e1d1",1511,"backRankMate deflection long mate mateIn3 middlegame"
003Tx,"2r5/pR5p/5p1k/4p3/4r3/B4nPP/PP3P2/1K2R3 w - - 0 27","e1e4 f3d2 b1a1 c8c1",1512,"backRankMate endgame fork mate mateIn2 short"
00NUc,"6k1/6pp/1PP5/4b3/3p4/Br5P/4prP1/R5RK w - - 1 30","c6c7 b3h3 g2h3 f2h2",1514,"endgame mate mateIn2 operaMate sacrifice short"
00CMj,"7R/8/8/6p1/2p1p1k1/2PbK2p/P7/8 w - - 4 71","e3f2 e4e3 f2e3 g4g3",1515,"crushing defensiveMove endgame master short"
00F5G,"2rqrbk1/pp3ppp/4n3/3p1N2/3NnBQ1/2P4P/PP3PP1/R4RK1 b - - 14 22","e6f4 f5h6 g8h8 h6f7",1522,"crushing deflection kingsideAttack middlegame pin short"
00LH7,"6k1/6Bp/6pP/3q1p2/p2PnQ2/2r5/P5PK/4R3 b - - 1 39","d5d6 e1e4 d6f4 e4f4",1526,"crushing endgame short"
00Pr6,"r1b2rk1/p4ppp/2p5/6q1/2p3P1/3P1Q1P/PPP5/1K2RR2 b - - 0 17","c4d3 f3f7 f8f7 e1e8 f7f8 f1f8",1528,"kingsideAttack long mate mateIn3 middlegame sacrifice"
000hf,"r1bqk2r/pp1nbNp1/2p1p2p/8/2BP4/1PN3P1/P3QP1P/3R1RK1 b kq - 0 19","e8f7 e2e6 f7f8 e6f7",1530,"mate mateIn2 middlegame short"
00C8e,"8/5p1k/5Ppb/2p3P1/1p6/8/KB5Q/3q4 b - - 4 58","d1a4 a2b1 a4d1 b2c1",1532,"endgame equality pin short"
00IPp,"4Q3/6pk/p3p2p/5p2/1p1P2P1/4q2P/2B1n2B/7K w - - 0 35","g4f5 e3f3",1537,"endgame mate mateIn1 oneMove"
00Nf5,"r1bq1rk1/pp2bppp/2pp1n2/8/5P2/5N2/PBPPB1PP/RN1Q1RK1 w - - 5 11","b1c3 d8b6 g1h1 b6b2 a1b1 b2a3",1541,"advantage fork long opening"
000Pw,"6k1/5p1p/4p3/4q3/3nN3/2Q3P1/PP3P1P/6K1 w - - 2 37","e4d2 d4e2 g1f1 e2c3",1547,"crushing endgame fork short"
00BM8,"r4rk1/pp2bppp/2ppnn2/8/N1P1P3/q1P4P/P2N2PB/R2Q1R1K b - - 0 16","a8d8 d2b1 a3a4 d1a4",1547,"advantage master middlegame short trappedPiece"
00EXS,"r3r1k1/p2Q1p1p/1p2p1p1/8/1P1P4/P3P3/1B2Nb1q/2KR1R2 w - - 0 19","f1h1 f2e3 c1b1 h2e2",1548,"advantage discoveredAttack middlegame short"
00GVf,"2b2k2/6q1/pn4p1/1rp2p2/8/8/1P2Q1P1/1K2R2R b - - 3 32","c8d7 h1h8 g7h8 e2e7 f8g8 e7d8",1548,"crushing exposedKing long middlegame sacrifice"
00HZC,"4r1k1/pp1qn3/2p4R/6p1/3P1rR1/3Q2P1/PP3P1P/6K1 b - - 0 31","f4g4 d3h7 g8f8 h6f6",1548,"endgame mate mateIn2 short"
00J1t,"r1qr3k/pp3pB1/1np1pb2/8/3P3P/2N2PR1/PP1Q2P1/2KR4 b - - 0 22","f6g7 d2g5 d8g8 g5h5 g7h6 h5h6",1554,"exposedKing kingsideAttack long mate mateIn3 middlegame"
002uV,"r2r2k1/1p2qppp/2n1p3/5n2/p2P4/P2Q1N2/BP3PPP/2R1R1K1 w - - 4 20","d3f5 e6f5 e1e7 c6e7",1558,"advantage middlegame short"
0000D,"5rk1/1p3ppp/pq3b2/8/8/1P1Q1N2/P4PPP/3R2K1 w - - 2 27","d3d6 f8d8 d6d8 f6d8",1559,"advantage endgame short"
002Tf,"r3kbnr/ppp1qppp/2n5/3pP3/5B2/4PQ2/PPP2PPP/RN2KB1R w KQkq - 1 7","f1b5 e7b4 b1c3 b4b2",1561,"advantage fork opening short"
00Ivf,"8/2p4r/1p3k2/p2Pp1p1/P1P1RpP1/1P3P1r/4R1K1/8 w - - 7 46","e4e5 h3h2 g2f1 h2h1 f1f2 h7h2",1563,"endgame long mate mateIn3 rookEndgame"
000Vc,"8/8/4k1p1/2KpP2p/5PP1/8/8/8 w - - 0 53","g4h5 g6h5 f4f5 e6e5 f5f6 e5f6",1569,"crushing endgame long pawnEndgame"
00HzX,"4r1k1/5pp1/2R4p/1p6/8/1PP3QP/2q2PP1/6K1 w - - 0 29","c6h6 c2c1 g1h2 c1h6",1572,"crushing endgame fork short"
00DkJ,"3r1bnr/2p2ppp/2b5/R1k5/5P2/2N5/4N1PP/1R4K1 b - - 3 21","c5d6 b1d1 d6e7 a5e5 e7f6 d1d8",1575,"crushing deflection exposedKing long middlegame"
001cr,"8/3B2pp/p5k1/2p3P1/1p1p1K2/8/1P6/8 b - - 0 38","c5c4 d7e8",1582,"bishopEndgame endgame mate mateIn1 oneMove"
00FAe,"5Rbk/6pp/8/p3P3/Pp1pq3/8/1P4PP/3Q2K1 w - - 1 35","d1b3 e4e1 f8f1 e1f1 g1f1 g8b3",1590,"crushing endgame long"
00LNH,"1k2r3/pp2r2p/2pqbpp1/3n4/2BP1p2/5N1P/PPQB1PP1/1K1RR3 w - - 2 22","c4b3 e6f5 c2f5 g6f5",1590,"advantage middlegame pin short"
00Kia,"5r1k/4n1pp/1p6/pP5Q/P2pB2K/6P1/2P4P/4q3 b - - 4 37","g7g6 h5e5 h8g8 e4d5 e7d5 e5e1",1591,"advantage discoveredAttack endgame fork long"
00Gc5,"8/p1r2p2/4r3/2P1PK2/1P1R4/3R2pk/8/8 w - - 2 46","d4g4 e6e5 f5e5 h3g4",1600,"advantage deflection endgame rookEndgame short"
007AS,"r3kb1r/3nnpp1/4p1bp/1NppP3/3P4/6N1/P2BBPPP/R3K2R b KQkq - 0 17","a8b8 b5d6 e8d8 d2a5",1601,"crushing master middlegame short"
00ME0,"8/1p6/p1b5/5k1p/1PB1p2P/P3P1K1/8/8 b - - 2 35","f5e5 c4f7 c6d7 f7h5",1605,"bishopEndgame crushing endgame short"
00P6s,"Qn3rk1/p1p3pp/1p2Pb2/8/3q4/5P2/PPP4P/R3KBNR w KQ - 0 14","a8e4 f6h4 e1e2 d4f2",1605,"advantage middlegame short"
00SU7,"2rqr1k1/B2b1ppp/5n2/8/3Q4/3B4/P1P2PPP/R3R1K1 w - - 3 22","d4h4 e8e1 a1e1 d8a5 e1a1 a5a7",1606,"advantage fork long middlegame"
004d8,"8/4kr2/R2p4/1p1Pp1p1/5p2/3K1P2/PPP5/8 b - - 0 39","g5g4 a6a7 e7f6 a7f7 f6f7 f3g4",1608,"crushing endgame long rookEndgame"
006E1,"5rk1/R4pp1/1p5p/3Q4/1PPp2q1/3P2P1/5P2/4nK2 w - - 0 34","f1e1 f8e8 e1f1 g4h3 d5g2 e8e1 f1e1 h3g2",1608,"crushing deflection endgame veryLong"
0017R,"r2qk2r/pp2ppbp/1n1p2p1/3Pn3/2P5/2NBBP1P/PP3P2/R2QK2R b KQkq - 0 12","e5c4 d3c4 b6c4 d1a4 d8d7 a4c4",1610,"advantage fork long middlegame"
004Ud,"r1bqk2r/p3Bppp/3p4/1ppn4/4P3/4Q3/PPP2PPP/2KR1B1R b kq - 0 11","d5e7 f1b5 c8d7 d1d6 d7b5 d6d8",1612,"advantage interference long middlegame"
00EDN,"rnbq1rk1/p4ppp/1p2p3/2p5/2QPn3/2P1PN2/P3BPPP/R1B2RK1 w - - 0 11","c1a3 c8a6 c4a6 b8a6",1612,"advantage middlegame short"
002KJ,"r3kb1r/ppq2ppp/4pn2/2Ppn3/1P4bP/2P2N2/P3BPP1/RNBQ1RK1 b kq - 2 10","f8e7 f3e5 c7e5 e2g4",1615,"crushing discoveredAttack middlegame short"
00Lt1,"r4k2/pp3p2/2pNR2p/5Qp1/1P3n2/3P4/P1PK1qPP/8 w - - 6 31","d2c3 f4d5 c3b3 f2f5 d6f5 f7e6",1616,"advantage discoveredAttack endgame long"
00O9Z,"5QR1/5p1p/1b3qp1/p6k/P2P4/8/1P2rPPP/5RK1 w - - 7 32","g8h8 f6f2 f1f2 e2e1 f2f1 b6d4 g1h1 e1f1",1616,"backRankMate deflection endgame fork master mate mateIn4 pin sacrifice veryLong"
00RbX,"3r2k1/2q1bppp/b3n3/p2N4/2p1P3/P3QN2/1PP2PPP/4R1K1 b - - 1 22","e7c5 d5c7 c5e3 c7e6 e3f2 g1f2",1616,"advantage long middlegame"
004BW,"r1bk2r1/ppq2pQp/3bpn2/1BpnN3/5P2/1P6/PBPP2PP/RN2K2R w KQ - 3 13","e5f7 d8e7 g7g8 f6g8",1617,"advantage master middlegame short"
009zR,"3r4/p1p2ppp/4k3/6Q1/5P2/4P3/Prqn2PP/3R1RK1 w - - 3 22","g5d8 d2f3 g1h1 c2g2",1620,"discoveredAttack endgame mate mateIn2 short"
002Hv,"8/8/8/3N2p1/5b2/3p3P/5kP1/3K4 w - - 16 56","d5f4 g5f4 h3h4 f2g2 h4h5 f4f3 d1d2 f3f2",1621,"advancedPawn crushing endgame veryLong"
00Cqg,"2rr2k1/pp4bp/4qpp1/3Pp3/8/4Q2P/4B1P1/2RR3K b - - 0 26","c8c1 d5e6 d8d1 e2d1 c1d1 h1h2",1621,"advantage defensiveMove hangingPiece long middlegame"
00IDz,"8/8/2p2P2/K2b3p/7N/P1k5/8/8 w - - 0 63","f6f7 d5f7 a5b6 f7d5 b6c5 c3b3",1621,"crushing endgame long master quietMove"
000Sa,"2Q2bk1/5p1p/p5p1/2p3P1/2r1B3/7P/qPQ2P2/2K4R b - - 0 32","c4c2 e4c2 a2a1 c2b1",1622,"advantage endgame short"
00UB0,"1r2n3/p1p3bk/Pp1p2pp/1PqP1p2/5P2/1Q1P1N2/6BP/5R1K b - - 0 29","e8f6 d3d4 c5d5 f3g5",1626,"crushing middlegame short"
00IbM,"6k1/5rp1/p2B3p/P1Pp4/1P6/2q1P2P/4Q1P1/6K1 w - - 0 34","e2a6 c3e1 g1h2 f7f1 a6f1 e1f1",1629,"advantage endgame long quietMove"
00DII,"2rr2k1/p5p1/1p5p/2pP1p1P/2q5/P4QR1/5PP1/4R1K1 b - - 3 31","c4d5 e1e8 g8f7 f3d5 d8d5 e8c8",1638,"advantage endgame intermezzo long"
00JzT,"8/7p/6pK/5p2/4p3/1k4P1/5P1P/8 w - - 2 44","h6h7 g6g5 g3g4 f5f4",1638,"crushing defensiveMove endgame pawnEndgame quietMove short"
00Al5,"2r3k1/p2q1pbp/1p2pnp1/nB1p4/3P4/1Pr1P2P/P1QB1PP1/2R2RK1 w - - 0 19","b5d7 c3c2 d7c8 c2d2",1640,"advantage middlegame short"
00Bg0,"8/3k4/3P1K2/p2R4/5r2/5P2/8/8 w - - 1 57","d5f5 f4f5 f6f5 a5a4 f5e4 a4a3 e4d3 a3a2",1641,"advancedPawn crushing endgame quietMove rookEndgame veryLong"
00B7G,"1rb2r1k/4q2p/p2p4/3B1p2/1pPb4/1P2NQ2/P5PP/2R2RK1 w - - 1 24","g1h1 e7e3 f3e3 d4e3",1643,"crushing master masterVsMaster middlegame short"
002Ua,"r4rk1/pp3ppp/3p1q2/P1P1p3/2B5/2B2n2/2P2P1P/R2Q1RK1 w - - 0 16","g1h1 f6f4 d1f3 f4f3",1646,"crushing kingsideAttack middlegame short"
00GYk,"1r4k1/p3p1bp/1n3qp1/6B1/6Q1/1P4pP/P5B1/3R3K b - - 0 29","f6e5 g5f4 e5f4 g4f4",1647,"crushing master middlegame short"
00F5e,"4k2r/1p2b1p1/p1q1Rp2/2p4p/8/1Q4B1/PP3PpP/6K1 b k - 1 22","c6d7 g3d6 d7d6 e6d6",1652,"advantage endgame short"
00IUW,"8/Q1p1r1kp/5pp1/3P3r/4P3/2N2bPq/PPP2R1P/5RK1 w - - 3 23","a7e3 h3g3 h2g3 h5h1",1653,"clearance kingsideAttack mate mateIn2 middlegame operaMate sacrifice short"
00LO6,"2r3k1/3q1pp1/1rp5/2Rn2Np/1p1N3n/1Q2P3/5PP1/2R3K1 w - - 0 33","c5d5 c6d5 c1c8 d7c8",1655,"advantage middlegame short"
00UOA,"6k1/5p1p/4pbp1/p2p4/2rP1P2/P3B1P1/1P2R1KP/8 b - - 0 30","f6d4 b2b3 c4c2 e2c2",1657,"advantage endgame short"
00IHi,"8/4R3/1k6/8/p7/1p1N2P1/5KP1/r7 w - - 0 55","e7e1 a1e1 f2e1 a4a3 e1d2 a3a2 d2c3 a2a1q",1659,"advancedPawn crushing endgame promotion veryLong"
007ku,"r1bq3Q/1np2kp1/p5B1/1p1Pp3/1Pn2BP1/2b2P2/P3K3/R4N2 b - - 5 35","f7g6 h8h5 g6f6 f4g5",1663,"mate mateIn2 middlegame short"
00EEp,"3k2q1/pb1p3p/1p1P4/2p5/2P2Q1K/8/P7/5R2 b - - 2 36","b7g2 f4f8 g8f8 f1f8",1665,"endgame mate mateIn2 short"
00PvX,"8/n7/P7/3k4/PK6/7P/5PP1/8 w - - 0 53","b4a5 d5c5 f2f3 a7c6",1670,"endgame knightEndgame mate mateIn2 short"
00AuR,"8/4bkp1/R6P/4p3/Pp2P3/1P1rB3/6P1/6K1 b - - 0 33","d3e3 h6h7 e3e1 g1h2",1675,"advancedPawn crushing endgame short"
002Uy,"8/8/1p6/k7/P1R5/1K5r/8/8 w - - 26 64","c4c3 h3c3 b3c3 a5a4 c3b2 a4b4",1682,"crushing defensiveMove endgame long rookEndgame"
00HGG,"8/pp6/2p1kpp1/3p4/3P1PPp/1P3K2/P1P4P/8 w - - 0 31","g4g5 f6g5 f3g4 g5f4 g4f4 e6f6",1682,"crushing defensiveMove endgame long pawnEndgame"
00QqI,"r6r/pQ2nkpp/4b3/2p1q3/4p3/2N5/PP1B1PPP/R4RK1 w - - 1 15","c3e4 e6d5 e4g5 e5g5 d2g5 d5b7",1683,"advantage long middlegame"
00QQS,"2r3k1/1p1q1ppp/4p3/Q7/3P4/P1B5/1Pr2PPP/R5K1 b - - 0 22","d7d4 c3d4 c2c1 a5e1",1685,"advantage endgame hangingPiece short"
001XA,"1qr2rk1/pb2bppp/8/8/2p1N3/P1Bn2P1/2Q2PBP/1R3RK1 b - - 3 23","b8c7 b1b7 c7b7 e4f6 e7f6 g2b7",1687,"crushing discoveredAttack long master middlegame sacrifice"
00Nte,"r4k2/8/2p3Bb/4p1n1/3q4/PQ6/2K2P2/1N4R1 w - - 3 30","g1g5 d4f2 b1d2 h6g5 b3f3 f2f3",1689,"advantage intermezzo long middlegame"
00Q8H,"8/5b2/3k3p/6p1/3P1pP1/2N2K1P/8/8 w - - 6 48","h3h4 f7d5 f3f2 g5h4",1689,"crushing endgame short"
00OQt,"8/8/8/p3b3/P1B2pKp/1Pk1p2P/6P1/8 w - - 8 50","g4h4 c3d2 h4g4 e3e2 c4e2 d2e2",1690,"advancedPawn bishopEndgame crushing endgame long"
00CcK,"8/8/3p4/4kp2/1pP3pP/1RbK2P1/8/8 w - - 2 42","b3c3 b4c3 d3c3 f5f4 c3d3 f4g3",1691,"crushing endgame long"
00734,"rn3bk1/2rqp2p/2p3p1/3p1p2/3P1P1B/pP1BP3/P1Q2PRP/1KR5 b - - 0 26","b8a6 d3f5 e7e6 f5g6",1692,"crushing middlegame pin short"
003IX,"8/3pk3/R7/1R2Pp1p/2PPnKr1/8/8/8 w - - 4 43","f4f5 e4g3",1693,"endgame mate mateIn1 oneMove"
00DUp,"8/8/1p2k1p1/7p/P2KPp1P/5P2/8/8 w - - 8 66","e4e5 g6g5 d4e4 g5h4",1693,"crushing endgame pawnEndgame short"
00DdW,"5rk1/4bppp/4b3/1p1pPpPP/2pP4/2P5/rqNQKP2/2RRN3 b - - 5 23","e7a3 c1b1 b2b3 b1b3",1693,"advantage middlegame short trappedPiece"
00Qlc,"8/5R2/P7/2p1r3/2Pp2k1/3K4/5p2/8 b - - 1 54","e5f5 f7f5 g4f5 d3e2 f2f1q e2f1",1694,"crushing endgame long rookEndgame"
00Bex,"1rb1qrk1/6bp/2np4/2pNpp2/2P5/3P1B2/1B3PPP/1R1QR1K1 b - - 0 22","c8e6 d5c7 e8f7 c7e6",1695,"crushing middlegame short"
00LSv,"3r3k/1p4pp/2p3q1/8/3Q4/8/PP4rP/R4R1K b - - 1 28","g2g1 d4g1 g6e4 g1g2",1695,"advantage endgame short"
00TRo,"5q1k/2r3p1/1p2p2b/3p2NQ/3P4/1p6/5R2/6K1 b - - 1 38","f8b4 h5e8 b4f8 f2f8",1695,"endgame mate mateIn2 short"
00NpT,"r4rk1/1ppq2p1/p3Rp1p/3P4/2P2Q2/3B3P/PP4PK/8 b - - 1 25","a8e8 f4f5 e8e6 f5h7",1699,"crushing endgame sacrifice short"
003if,"8/3q1kpp/1P2p3/4Q3/5P2/4B2P/2r3PK/8 b - - 0 43","d7b7 e5h5 f7e7 e3c5 c2c5 h5c5",1700,"advantage endgame long"
005gP,"8/8/3p4/2kP4/1p4P1/2pK4/P7/8 w - - 1 42","g4g5 c5d5 g5g6 d5e6 g6g7 e6f7 a2a4 b4a3 g7g8r f7g8",1705,"crushing enPassant endgame pawnEndgame veryLong"
00IMS,"1r4k1/r5q1/p2p1pP1/4pP2/2p1P2Q/2PbnBK1/P6R/2R5 b - - 7 35","e3f5 e4f5 d3f5 f3d5",1706,"clearance crushing kingsideAttack middlegame short"
00UF4,"rnbQ1b1r/pp2n2p/2p2k2/1q2p1p1/3P4/5N2/P1P2PPP/R1B1K2R b KQ - 0 13","f8g7 c1g5 f6f7 d8e7",1706,"crushing middlegame short"
00MwU,"3r1b1R/ppq3p1/2k3P1/3p4/1P1Q4/4PP2/P1P5/2K5 b - - 0 26","a7a6 h8f8 d8f8 d4c5 c6d7 c5f8",1709,"advantage attraction endgame fork long sacrifice"
004Ao,"4qk2/1b3rR1/p7/1p2Q3/4P2P/P2P3K/2r5/3R4 w - - 5 41","g7f7 e8f7 e5h8 f8e7",1711,"advantage endgame short"
009FS,"r2qr1k1/p5bp/1pp1b1p1/8/2QN1p2/2P1n2P/PP3PP1/R1B1RNK1 w - - 1 18","d4e6 e3c4 e6d8 e8e1",1715,"crushing discoveredAttack opening short"
00IiM,"r5k1/pp4p1/1n6/3pB3/3P2pb/2NQ1r2/PP6/2K3R1 w - - 2 24","d3f3 g4f3 g1g7 g8f8",1719,"advantage middlegame short"
00IF7,"b3k2r/4bpp1/2q1p2p/1p1nP3/1Pp1N3/2P5/2B2PPP/2BQR1K1 w k - 0 19","c1e3 d5c3 d1g4 c3e4",1726,"crushing middlegame short"
00TV2,"6k1/p1Q2p1p/4p1p1/3p4/1r6/7P/Pq3PP1/5RK1 b - - 2 26","b2a2 c7c8 g8g7 c8c3 d5d4 c3b4",1729,"advantage endgame fork long master"
00AEM,"r4rk1/p2q1p1p/1p3Qp1/2p4P/3p4/5R2/PPP2PP1/4R1K1 b - - 0 22","d7d8 e1e7 d8e7 f6e7",1733,"crushing endgame short"
00AcQ,"8/1bpp2k1/1p5r/1P2P3/3P1P2/2P1n1K1/2Q3P1/8 w - - 0 30","c2a2 h6g6 g3f2 g6g2",1735,"crushing endgame short"
00TXF,"3R4/6pk/4rp1p/p1N1P3/1p3P2/1Pb4P/6P1/6K1 b - - 1 33","e6c6 e5e6 c6e6 c5e6",1736,"crushing endgame short"
006pe,"r4r2/2q1NN2/4bQpk/2n4p/pp5P/8/1PP2PP1/2KR3R b - - 0 28","e6f7 e7f5 h6h7 f6g7",1741,"master mate mateIn2 middlegame pin short"
00Nqd,"8/p7/5P2/PP1bp3/4N3/K2p4/2k5/8 b - - 0 48","d3d2 e4d2 c2d2 b5b6 a7b6 a5b6",1747,"crushing endgame long sacrifice"
004RF,"5rk1/5ppp/1p6/1qp2P1Q/3p3P/6R1/6PK/8 b - - 0 30","c5c4 g3g7 g8g7 f5f6 g7f6 h5b5",1750,"attraction crushing discoveredAttack endgame long sacrifice"
00Ar2,"r2q1r2/1n4pk/p6p/1pp2pb1/3n1B2/P1NPN2P/1PPQ1PP1/R3R1K1 w - - 0 21","c3d5 g5f4 d5f4 d8g5 d2d1 g5f4",1759,"advantage clearance long middlegame"
00AVR,"br1qkb1r/p1pp1ppp/4Pn2/6B1/3Qn3/5NP1/P3PPBP/RN1R2K1 b k - 0 15","d7e6 d4a4 d8d7 d1d7",1761,"crushing opening short"
00JYV,"r2q1rk1/p1p1bppp/2pp1nb1/4p3/4P1PN/2NP3P/PPP2PK1/R1BQ1R2 b - - 4 11","f6e4 h4g6 e4c3 g6e7 d8e7 b2c3",1761,"advantage kingsideAttack long opening"
0047P,"8/1N3k2/6p1/8/2P3P1/pr6/R5K1/8 w - - 1 56","g2f1 b3b1 f1e2 b1b2 e2d1 b2a2",1766,"crushing endgame exposedKing fork long master"
00Hpe,"1rr3k1/4Qppp/qp2p3/P2pn3/3N4/4P2P/5PP1/RR4K1 b - - 3 29","b6a5 b1b8 c8b8 e7c7 b8c8 c7e5",1768,"advantage fork long middlegame"
006i7,"r4rk1/3nqpp1/2p1bn1p/3pN3/1p1P4/2NQP2P/1PB2PP1/R4RK1 w - - 0 18","e5c6 e7d6 a1a8 f8a8 c6b4 d6b4",1769,"advantage long middlegame"
00EgR,"N2k3r/1b1n1Bpp/p7/1pb1P3/6P1/4p3/PPP4P/1K1R3R w - - 1 20","e5e6 b7h1 d1d7 d8c8 d7c7 c8b8",1770,"advantage long middlegame"
00LMb,"8/8/1n4kP/1P3p2/3P1K2/2p1N3/8/8 w - - 4 49","f4e5 b6c4 e3c4 c3c2",1777,"advancedPawn crushing endgame knightEndgame sacrifice short"
001h8,"2r3k1/2r4p/4p1p1/1p1q1pP1/p1bP1P1Q/P6R/5B2/2R3K1 b - - 5 34","c4e2 h4h7 c7h7 c1c8 g8g7 c8c7",1780,"crushing deflection kingsideAttack long middlegame sacrifice"
00Huv,"3r2q1/5prk/p3pQpp/1p2P3/2p4R/2P2P1P/PPB2P2/6K1 b - - 2 29","g8f8 h4h6 h7g8 f6h4",1781,"clearance crushing endgame short"
00Lhb,"2n4k/p3b2p/Pp6/1PpPp3/2B1PpP1/1P6/5BK1/8 b - - 0 33","c8d6 f2c5 b6c5 b5b6 a7b6 a6a7",1783,"advancedPawn advantage endgame long master masterVsMaster sacrifice"
005f3,"r5k1/2p1pp2/pp4p1/1q1r4/5P2/2QP2R1/PP6/1K4R1 b - - 0 32","d5h5 g3g6 f7g6 g1g6 g8f7 c3g7 f7e8 g7g8 e8d7 g8e6 d7d8 g6g8",1787,"crushing endgame sacrifice veryLong"
005HG,"r2q1rk1/p1p2pp1/3bbn1p/4N3/2Q5/1P4P1/PB1PPP1P/RN2K2R w KQ - 1 12","c4c2 d6e5 b2e5 d8d5 f2f3 d5e5",1788,"advantage clearance fork long opening"
00NHK,"r1b2rk1/1p2b1p1/pqn1p1P1/3pP3/1P1P4/P1N1P3/6P1/R2QK2R b KQ - 0 17","c6e5 h1h8 g8h8 d1h5 h8g8 h5h7",1790,"attraction fork long mate mateIn3 middlegame sacrifice"
00HqY,"8/6p1/8/6k1/4P3/5KpP/8/8 b - - 3 46","g5h4 f3g2 h4g5 g2g3",1793,"crushing endgame master pawnEndgame short zugzwang"
002rd,"r6k/q1pb1p1p/1b3Pr1/p1ppP2Q/3P2p1/4B3/PP2NRPP/3R2K1 b - - 1 25","d7e6 e2f4 c5d4 f4g6 f7g6 h5h6",1795,"crushing kingsideAttack long middlegame pin"
007en,"rn3rk1/4pp1p/3p2pB/2q4P/3bP1b1/Pp2Q3/1P2B3/1K1R2NR w - - 0 20","e3d4 c5c2 b1a1 a8a3 b2a3 c2a2",1795,"long mate mateIn3 middlegame queensideAttack sacrifice"
00143,"r2q1rk1/5ppp/1np5/p1b5/2p1B3/P7/1P3PPP/R1BQ1RK1 b - - 1 17","d8f6 d1h5 h7h6 h5c5",1798,"advantage middlegame short"
00Nay,"r2q1r2/ppp2pk1/3p1n2/4p1p1/2B1P3/2NP2Q1/PPP5/2K4R b - - 0 19","g7g6 g3h3 f8h8 h3f5 g6g7 f5g5",1798,"crushing deflection long middlegame quietMove"
0095W,"8/pp1r2kp/q2P1ppb/4p3/2N1P3/1Q5P/PPR2PP1/6K1 w - - 3 32","c4e5 f6e5 c2c7 a6d6",1800,"advantage endgame hangingPiece short"
00TJN,"r3r1k1/pp3pB1/2q3pp/3R1b2/8/P4Q2/BP3PPP/1R4K1 b - - 0 23","f5b1 f3f7 g8f7 d5d7",1801,"attraction doubleCheck kingsideAttack mate mateIn2 middlegame sacrifice short"
00D77,"5rk1/bpp3pp/p1npb3/4p3/1P2Nr1q/P1PP3P/1B1QBPR1/2K3R1 b - - 2 21","h4h3 g2g7 g8h8 e4g5",1811,"crushing kingsideAttack middlegame short"
003wQ,"2r2rk1/6pp/3Q1q2/8/3N1B2/6P1/PP1K3P/R4b2 w - - 0 24","a1f1 f6d6 f4d6 f8f1",1814,"advantage discoveredAttack middlegame pin short"
00CBU,"8/2pR2kp/pb4p1/8/5p1P/B6K/P1r5/6r1 b - - 3 39","g7h6 a3f8 h6h5 d7h7",1814,"deflection endgame mate mateIn2 short"
00G1l,"5k2/1R6/3pp1P1/2p5/1pr1PK2/5P2/8/8 b - - 0 60","c4c1 f4g5 c1g1 g5f6",1815,"crushing defensiveMove endgame master rookEndgame short"
00Msq,"r5k1/1pp2Bp1/5n1p/1q2N3/3P4/7P/5PP1/4Q1K1 b - - 2 30","g8f8 f7c4 b5c4 e5c4",1820,"crushing endgame master short"
00NKk,"2r2rk1/pp4q1/4Q3/3p4/3P4/P1P5/1P3PPP/4R1K1 b - - 0 25","g8h8 e1e3 c8c7 e3h3",1821,"advantage endgame quietMove short"
00NVe,"2B4k/p1p3pb/8/5pnr/8/2P2R2/PPP2K2/6R1 w - - 6 34","c8f5 g5f3 f5g4 f3g1",1821,"advantage endgame short"
00L1Y,"3rkb1r/pp2pbpp/2p5/q7/3Q1B2/2P3P1/PP2PP1P/RN2K2R w KQk - 0 15","d4b4 a5d5 e1g1 e7e5 b4b7 e5f4",1825,"advantage long middlegame"
00ON5,"8/k1p5/P7/3N4/3P2pp/3K2n1/6P1/8 w - - 1 47","d3e3 h4h3 e3f2 h3h2 f2g3 h2h1q",1825,"advancedPawn crushing endgame knightEndgame long promotion"
00FND,"8/1P6/8/7p/3P4/3k1p1P/4p3/3K4 w - - 0 49","d1e1 d3e3 h3h4 f3f2",1828,"advancedPawn endgame mate mateIn2 pawnEndgame short"
00UTH,"3r3r/q4pk1/p4N2/1p2PQp1/P4n2/3p1P1P/1P4P1/3RR1K1 w - - 0 32","g1h2 h8h3 f5h3 f4h3",1830,"crushing middlegame short"
00Rue,"r2qkb1r/pp1nppp1/2p2n1p/3p1b2/3P4/BP2PN2/P1P2PPP/RN1QKB1R w KQkq - 2 7","c2c4 f5b1 a1b1 d8a5 b3b4 a5a3",1832,"advantage fork long opening"
00FPo,"7R/1K3p2/6k1/PP4p1/8/6rp/8/8 b - - 2 47","g5g4 a5a6 h3h2 h8h2",1834,"crushing endgame rookEndgame short"
00Se9,"5rk1/pp1n2r1/3p2N1/2pQ4/2P5/4P1P1/qP2KPP1/7R b - - 1 24","g7f7 g6e7 g8g7 d5g5",1835,"mate mateIn2 middlegame pin short"
00Nua,"8/1p1k2r1/p1p5/2P1R3/1P1pP3/P2r4/5RPK/8 w - - 1 31","a3a4 g7h7 h2g1 d3d1 f2f1 h7h1 g1h1 d1f1",1841,endgame
001xO,"k1r1b3/p1r1nppp/1p1qpn2/2Np4/1P1P4/PQRBPN2/5PPP/2R3K1 w - - 0 19","d3a6 b6c5 a6c8 c5c4",1847,"crushing master masterVsMaster middlegame sacrifice short"
006fF,"r1b4r/pp1k2pp/2nb2q1/1B1p2B1/3p3Q/8/PPP2PPP/3RR1K1 b - - 5 17","h7h6 h4g4 d7c7 g5d8 h8d8 g4g6",1851,"advantage discoveredAttack exposedKing long middlegame"
00GiQ,"5r2/1p3p1k/6pp/p1qp1P2/7Q/5N2/6PP/5N1K b - - 4 31","b7b5 f3g5 h7g7 f5f6 g7f6 g5e4",1851,"attraction crushing discoveredCheck doubleCheck endgame long pin"
00Ksa,"8/5p2/5pk1/8/4PP2/6r1/5K2/7R b - - 2 46","g3g4 f2f3 g4g5 f4g5",1852,"crushing endgame rookEndgame short trappedPiece"
00LoE,"2k5/1p4p1/p4b2/3p4/3P4/2PQN3/PP3q2/1K6 w - - 0 37","e3d5 f2g1 b1c2 g1g2",1858,"crushing endgame short"
00IDw,"4r3/pN3kpp/2N1b3/2R5/5b2/P7/1P3PPP/7K w - - 1 30","g2g3 e6h3 c5c1 f4c1",1862,"advantage endgame quietMove short"
00MQl,"r1b2k1r/pp3ppp/2p5/2bp4/3N1Pnq/1B2B3/PPP3PP/RN1QR2K w - - 4 15","d4f3 c5e3 f3h4 g4f2 h1g1 f2d1",1868,"advantage discoveredAttack fork long opening sacrifice"
00MZC,"5r1k/p5p1/1pb4p/3pR3/1Q6/P1P4P/1P3qP1/R5K1 w - - 0 24","g1h1 d5d4 e5e2 c6g2",1872,"advantage discoveredAttack endgame short"
00Knu,"r2q1rk1/p3bpp1/2pp1nb1/4p1Q1/8/1B3N1P/PPP3P1/R1B2RK1 b - - 0 18","f6e4 g5g6 d8b6 g1h2",1873,"advantage defensiveMove opening pin short"
00NEO,"4qr2/pR1b2pk/5p1p/4pPP1/3bB3/3P3Q/P1r4P/4BR1K b - - 0 24","d7c6 h3h6 h7g8 h6g7",1874,"mate mateIn2 middlegame pin short"
001uD,"6k1/1p3pp1/1p5p/2r1p3/2n5/r3PN2/2RnNPPP/2R3K1 b - - 1 32","f7f6 f3d2 c4d2 c2d2 c5c1 e2c1",1877,"advantage long middlegame"
00QN3,"r1b1B2k/pp4pp/2pb4/4q3/8/8/PPP3PP/R2Q1R1K w - - 1 17","g2g3 e5e4 d1f3 e4e8",1878,"advantage fork middlegame short"
00IYg,"r1b2r2/pp2npp1/1qn1p1k1/3pP1N1/3P3P/P7/1P1Q1PP1/RN2K2R b KQ - 0 13","f7f6 h4h5 g6h6 g5e6 h6h7 e6f8",1885,"advantage discoveredAttack discoveredCheck long middlegame"
003aS,"8/8/5k1p/6p1/1R4PP/1p2KP2/8/1r6 w - - 0 43","h4h5 b3b2 b4b6 f6e5 f3f4 g5f4",1890,"advancedPawn crushing defensiveMove endgame long rookEndgame"
00UI2,"2r3nr/p5pp/b3kp2/3p4/4p3/BP3P2/P1PN2PP/2KR3R b - - 0 18","f6f5 f3e4 f5e4 d2e4 d5e4 d1d6 e6f7 d6a6",1896,"clearance crushing fork middlegame sacrifice veryLong"
00JqT,"2r2rk1/pp2R3/5p2/3p1q2/3P4/4QPPp/PP3R1P/6K1 w - - 2 30","g3g4 f5b1 f2f1 b1b2 e3e6 g8h8",1897,"crushing deflection endgame long"
00SIq,"r3r1k1/1Q3ppp/8/pP6/2q5/7P/3R2P1/5R1K w - - 0 30","f1f7 c4f7 b7f7 g8f7",1903,"crushing endgame short"
00FF5,"r3k3/ppp1qp2/1b1p3p/4p2r/2B1P1b1/P1PP1P2/1P4PQ/RN3R1K b q - 2 18","e7h4 c4f7 e8e7 f7h5",1904,"attackingF2F7 crushing middlegame short"
00CXr,"r2k2nr/pp2qBb1/3p3p/Q5p1/3n1B2/2N2R2/PPP3P1/R5K1 b - - 1 18","b7b6 a5d5 d4f3 g2f3 a8c8 f4d6",1908,"advantage long middlegame sacrifice"
0018P,"5R2/1p6/p1p5/2P1rk2/2K3p1/2P1p1P1/1P5P/8 b - - 1 44","f5e6 f8e8 e6f5 e8e5 f5e5 c4d3 e5d5 d3e3 a6a5 e3f4 d5c4 f4g4",1910,"crushing endgame exposedKing rookEndgame veryLong"
00H87,"6k1/2q1pp2/p5pB/2p4n/3pP1Q1/P2P3P/1r4P1/5RK1 b - - 1 30","c7g3 g4c8 g8h7 f1f7 h5g7 f7g7 h7h6 c8h8 h6g5 g7g6 g5g6 h8g8 g6f6 g8g3",1912,"attraction crushing deflection endgame sacrifice skewer veryLong"
005xu,"8/3k4/1K1P4/2P3r1/R7/5b2/8/8 b - - 0 68","g5g8 a4a7 d7e6 a7e7 e6d5 d6d7",1914,"advancedPawn crushing endgame exposedKing long"
00798,"6K1/4k3/4P3/6pp/6rP/4R1P1/8/8 w - - 0 60","g8g7 g5h4 g7h6 h4g3",1917,"crushing discoveredAttack endgame rookEndgame short"
00Qm5,"r2q1rk1/p3b1pp/2p5/4ppB1/4p1nP/2N5/PPP1QPP1/3R1RK1 b - - 8 15","d8c7 e2c4 g8h8 c3d5 c6d5 c4c7",1925,"crushing long middlegame"
00MDy,"8/pp6/2p1k3/2Pp2pp/1P1P1p2/P2K1P2/6PP/8 w - - 0 42","g2g3 f4g3 h2g3 h5h4 g3h4 g5h4",1928,"crushing endgame long pawnEndgame"
006om,"1r3k2/5p1p/2p1pp2/P2n4/2r1N3/P4PK1/2R2P1P/2R5 b - - 9 29","c4a4 e4c5 a4a5 c5d7 f8g7 d7b8",1937,"crushing endgame fork long master"
00BPh,"r4rk1/1b1p1p1p/p2NpQpq/1p6/3R4/P7/1P3PPP/3R2K1 b - - 9 23","b7d5 d4d5 h6g7 f6g7",1938,"advantage kingsideAttack middlegame short"
00008,"r6k/pp2r2p/4Rp1Q/3p4/8/1N1P2R1/PqP2bPP/7K b - - 0 24","f2g3 e6e7 b2b1 b3c1 b1c1 h6c1",1939,"crushing hangingPiece long middlegame"
00OYl,"3r4/5p2/k3p1p1/2B1Pr2/2P3n1/1p3NPp/4QP1P/6K1 w - - 0 34","f3h4 f5e5 e2f1 e5c5",1944,"crushing endgame fork short"
00RtC,"r4k2/ppp3p1/3p3r/2q5/2NnP3/2Q2PBp/PP3R1P/5RK1 w - - 4 25","b2b4 d4e2 g1h1 c5f2 c3g7 f8g7",1948,"advantage deflection discoveredAttack long middlegame pin"
0068D,"7r/pppk4/2pb1r2/8/2NP2p1/2P5/PP2RPP1/4R1K1 w - - 2 26","c4d6 f6h6 f2f4 g4g3 e2e7 d7d6 g1f1 h6h1",1949,"crushing endgame veryLong"
008qL,"r7/6pk/p2p4/2p1p1qp/1pP1PrP1/1P1Q1P1P/1P4K1/R4R2 w - - 0 25","d3d6 a8d8 d6d8 g5d8",1956,"advantage endgame short"
000mr,"5r1k/5rp1/p7/1b2B2p/1P1P1Pq1/2R1Q3/P3p1P1/2R3K1 w - - 0 41","e3g3 f7f4 e5f4 f8f4",1957,"crushing middlegame short"
005wy,"1r6/pp2kpp1/2n1p1n1/3p2PQ/5P2/2PqP3/PP1N4/2KR3R w - - 3 27","h5h7 c6b4 c3b4 b8c8 d2c4 c8c4",1957,"long mate mateIn3 middlegame queensideAttack sacrifice"
001kG,"rnbq3r/1p2bkpp/p4n2/8/2pNP3/2N5/PPP3PP/R1BQ1RK1 b - - 1 11","e7c5 d1h5 f7g8 h5c5",1963,"advantage opening pin short"
005YX,"2rr4/2N2pk1/p1Q1b1pp/1p4q1/3pP3/1B1P4/PPP3PP/6RK w - - 7 25","c7e6 f7e6 c6b7 g7h8",1964,"defensiveMove equality middlegame short"
00A5m,"8/1p6/p1p2p2/P3b3/1PK3P1/2PBk3/8/8 b - - 3 60","e3d2 d3f5 e5c7 f5c8 b7b6 a5b6 c7b6 c8a6",1965,"bishopEndgame crushing endgame quietMove veryLong"
008lc,"7k/pb1qn2n/1p2R2Q/2p2p2/2Pp4/3B4/PP3PrP/4RK2 b - - 1 27","g2g7 h6g7 h8g7 e6e7 d7e7 e1e7",1973,"attraction crushing exposedKing fork long middlegame"
00Lyc,"4R3/1p4k1/1q1N1bpp/3B4/5p1P/p4P2/3RK1P1/8 w - - 4 42","d6e4 b6b5 d2d3 b5e8",1975,"crushing endgame fork master short"
009hH,"k3r3/p3q3/1pp5/3pnB2/1P1Q4/1KPP4/P4R2/8 w - - 0 41","f2e2 e5f3 e2e7 f3d4 c3d4 e8e7",1980,"advantage endgame long"
00Ezc,"rnb1k2r/ppp4p/3b1qp1/3P1pBQ/4p2N/2N5/PPP2PPP/R3R1K1 b kq - 1 13","f6f7 c3e4 f5e4 e1e4",1982,"crushing middlegame short"
00JsQ,"r1b1k1nr/pp1np2p/2q1Npp1/2P1p3/2B5/2N3B1/PPPR1PPP/2K4R b kq - 2 14","d7c5 d2d8 e8f7 d8f8",1990,"mate mateIn2 middlegame short"
002Ds,"8/1pp5/p2p4/P2Pk2p/1PP1p2P/2n1K2P/3N4/8 b - - 0 45","b7b6 b4b5 c3d1 e3e2 a6b5 a5a6",1992,"crushing endgame knightEndgame long"
00KNK,"r3r1k1/p1p4p/3b4/4p1qN/8/1P1b1Q2/P2P1PP1/B5KR b - - 2 22","e5e4 h5f6 g8f8 f6h7 f8e7 a1f6 g5f6 f3f6",2001,"advantage deflection discoveredCheck doubleCheck fork middlegame veryLong"
00NBR,"8/1p2np2/1Pp1k3/p1P3p1/P2K3p/7P/4BPP1/8 b - - 1 33","e7d5 e2c4 e6d7 c4d5",2001,"crushing endgame master short"
00Feu,"4R1k1/p4r1p/1pp2rp1/8/5B1q/4QP1P/P1P2PK1/8 b - - 2 28","f7f8 f4g5 h4g5 e3g5",2003,"crushing endgame fork short"
00eTD,"r1bq1r2/2p2p1k/pb1p1pnp/1p2p2Q/1P2P2N/P1PP1N2/B4PPP/R4RK1 w - - 6 17","a2f7 g6f4 f7g6 h7g7 h4f5 c8f5",2004,"advantage defensiveMove long middlegame"
00MZr,"1k5r/ppp5/2p5/3n4/5pQ1/3P1P1r/PPP2K2/5R2 w - - 2 26","f1g1 h3h2 g1g2 d5e3",2007,"crushing endgame short"
00UJF,"2kr2r1/3q1p2/pp1b1n1p/2pP4/2Pp1B2/PQ1P3P/4B1PK/R4R2 w - - 2 21","f4d6 d7d6 h2g1 g8g2 g1g2 d8g8 e2g4 f6g4",2008,"attraction crushing middlegame veryLong"
00dTd,"3r4/ppp1Q3/1b2kP2/8/4qp2/P1Pr4/1P3P2/1K2N3 b - - 5 31","e6d5 e7d8 d5c6 e1d3",2010,"advantage endgame hangingPiece short"
00aL1,"8/5pr1/1Q4k1/p2pp3/5Rp1/6P1/5PKP/3q4 b - - 1 33","g6h7 f4f5 d1f3 f5f3",2013,"advantage endgame short"
008Sk,"8/6pp/3Bp2k/p2pP2P/P2bp1PK/8/r7/5R2 b - - 2 37","d4f2 f1f2 g7g5 h4g3 a2f2 g3f2",2021,"crushing endgame long"
00MNf,"r1b3k1/pp3Rpp/3p4/2pN4/2P4b/5Q1P/PPP3P1/4qNK1 b - - 0 21","h4f6 f7f6 g7f6 f3f6",2027,"crushing middlegame short"
00cxG,"2r5/3RQ2p/6pk/8/5q1P/1P6/2K5/8 w - - 16 42","c2b2 f4c1 b2a2 c8c2",2031,"endgame mate mateIn2 short"
00H2I,"4rrk1/ppp2pp1/7p/3n4/3P3q/1P2p2P/P5P1/R1BQRBK1 w - - 2 23","c1b2 h4f2 g1h2 f2b2",2033,"crushing fork middlegame short"
00C3O,"r2qkbnr/pp4pp/2p2p2/4n2b/2B1P3/2N2N2/PPP3PP/R1BQ1RK1 w kq - 0 10","d1e2 h5f3 g2f3 d8d4",2037,"crushing kingsideAttack opening short"
00JFF,"4r1k1/ppqb3p/6B1/3pb2Q/8/2P5/PP1B2PP/5RK1 b - - 0 20","h7g6 h5g6 e5g7 f1f7 c7c5 g1h1 c5f8 f7f8",2037,"crushing middlegame pin veryLong"
00UqU,"2k4r/q5p1/p2rpn1p/8/1RQP4/2P1P3/1P4PP/R5K1 b - - 0 25","a7c7 a1a6 c7c4 b4c4 c8d7 a6a7",2039,"advantage exposedKing long middlegame queensideAttack"
00A1H,"2r3k1/4brp1/2p3b1/2Pp1q1p/3B3P/2P2N2/PP3P1K/R2Q2R1 w - - 1 31","f3g5 f5f4 h2g2 e7g5",2041,"crushing middlegame short"
009XT,"rn1qk2r/pp3ppp/3bp1b1/3p4/3Pn2N/3BB3/PPP2PPP/RN1Q1RK1 w kq - 4 10","h4g6 d6h2 g1h1 h7g6",2048,"crushing intermezzo opening short"
00YYk,"2kr2r1/1p1q3p/p1nb4/2p1p3/2N1R3/3P1QP1/PPP5/R1B3K1 b - - 4 22","d8f8 f3f8 g8f8 c4b6 c8c7 b6d7",2048,"advantage fork long middlegame sacrifice"
0055Y,"r1b2rk1/p3pp2/2B4b/2Qpq3/3N2pp/4P3/2P2PPP/1R2K2R b K - 1 23","h6e3 f2e3 e5e3 e1d1",2055,"advantage defensiveMove middlegame short"
00Mzs,"r6r/p5pp/1p3nk1/5n2/1q6/5N2/P5PP/R2QR2K b - - 1 24","a8d8 f3e5 g6g5 e5f7",2055,"advantage middlegame short"
00aZ3,"8/6k1/1n6/1K2p1p1/P5P1/1B3r2/1PP5/8 b - - 1 36","b6d5 b3d5 f3f4 a4a5 e5e4 a5a6 e4e3 a6a7",2055,"advancedPawn crushing endgame hangingPiece quietMove veryLong"
00e88,"r3kb1r/pp1q1p1p/8/2np2p1/5N2/6P1/PPQPPP1P/R1B2RK1 w kq - 0 16","c2c3 d5d4 f4h5 d4c3",2055,"advantage middlegame short"
00ao5,"r3B2k/pp4pp/2n5/q1p3b1/2Q5/5b2/PPP2PPP/R4RK1 b - - 0 17","f3g2 c4f7 g2d5 f7d5 a8e8 d5g5",2058,"advantage long middlegame"
00Qog,"1r3rk1/pP2qppp/1b3n2/1Q2p3/4P3/2NP1bP1/PP2NP1P/R1B2RK1 w - - 1 15","c1g5 e7e6 e2f4 e5f4",2062,"crushing middlegame short"
004Ax,"8/8/4R1kp/p7/5rPK/8/7P/8 b - - 2 42","g6f7 e6h6 f4f6 h6h7 f7g6 h7a7",2064,"crushing endgame exposedKing long rookEndgame"
002xh,"2nk4/8/2PBp1n1/1pK1P1p1/1P4P1/8/8/8 b - - 2 42","g6h4 c5b5 h4g2 b5a6 g2e3 a6b7",2065,"crushing endgame long"
000h0,"5rk1/p5p1/3bpr1p/1Pp4q/3pR3/1P1Q1N2/P4PPP/4R1K1 w - - 4 22","e4e6 f6f3 g2f3 h5h2 g1f1 h2h3 f1e2 h3e6",2067,"advantage interference kingsideAttack middlegame veryLong"
006ia,"1r4k1/4bpp1/1rp2n1p/3p4/3P4/2N1B1P1/Pq2QPKP/2R1R3 w - - 3 24","e3h6 b2e2 e1e2 e7a3 h6e3 a3c1",2073,"advantage long middlegame"
00OLF,"k1r5/n1p3p1/Q2pN3/P2Pp2p/q3Pp1P/2RK4/5PP1/8 w - - 4 36","e6c7 c8c7 c3c7 a4d1 d3c3 d1c1 c3b3 c1c7",2075,"crushing endgame sacrifice skewer veryLong"
001Oo,"6k1/4p1bp/6p1/1p1pP3/1PpPp3/2P1P3/Q2B1KPP/3q4 b - - 2 23","d1a4 a2a4 b5a4 b4b5 g8f7 b5b6",2078,"crushing endgame long quietMove"
001aK,"6k1/5p2/4p3/P1B5/2P4P/4Pnp1/Rb1rN3/5K2 b - - 1 33","d2e2 f1e2 g3g2 e3e4 f3d4 e2f2",2082,"crushing endgame hangingPiece long quietMove"
00JH5,"8/2Q2pk1/8/3pp2P/8/2Pq4/KP6/8 b - - 1 36","d3c4 c7c4 d5c4 b2b4",2082,"crushing defensiveMove endgame queenEndgame short"
00Pbs,"3r1rk1/Q3qppp/8/1ppb4/2Pn1B1n/2N3P1/PP3P2/R2R1K2 w - - 0 21","a7e7 d5g2 f1e1 h4f3",2088,"mate mateIn2 middlegame short"
00Ty2,"r5k1/ppp4p/2n3r1/3P4/4P3/B1P5/P1Q1K3/6N1 w - - 1 31","d5c6 g6g2 e2d3 a8d8 d3c4 g2c2",2090,"advantage endgame exposedKing fork long"
00GWg,"1r1r2k1/pp4pp/2nNb3/2R2p2/2P1p3/8/P4PPP/3BR1K1 w - - 1 26","d6b7 b8b7 c5c6 b7b1 g1f1 d8d1 e1d1 b1d1 f1e2 e6d7",2091,"crushing middlegame veryLong"
00QjF,"8/8/1pr1p1kp/pbPp2pN/3Pp1P1/1P2K3/P6P/2R5 b - - 0 29","e6e5 c5b6 c6c1 b6b7 c1e1 e3d2",2097,"advancedPawn crushing endgame long master sacrifice"
00Ocp,"r3k3/p1pbq3/2p2p2/4p1p1/2B3p1/2P4r/P1P2PQP/3RR1K1 b q - 3 20","e7c5 g2e4 f6f5 e4e5 c5e5 e1e5",2098,"crushing exposedKing long middlegame"
00fpf,"7r/pkp5/1pN1Q1rb/3p1n1q/3P4/2P3PN/PP4BP/5RK1 w - - 1 25","e6d5 h6e3 f1f2 h5d1",2098,"advantage kingsideAttack middlegame pin short"
000qP,"8/7R/8/5p2/4bk1P/8/2r2K2/6R1 w - - 7 51","f2f1 f4f3 f1e1 c2c1 e1d2 c1g1",2104,"crushing endgame exposedKing long skewer"
00MBF,"7k/np2b1pp/p1b2p2/2P1pq2/PPQ4P/5PP1/1B5K/3BN3 b - - 0 29","c6d7 d1b3 f5h3 h2g1 d7e6 c4e6 h3e6 b3e6",2104,"advantage middlegame quietMove veryLong"
00JZk,"7k/1q5p/3Q2p1/8/P3p3/1p2B2P/1br3P1/R5K1 b - - 0 32","b7f7 a1f1 f7f1 g1f1",2105,"crushing endgame short"
00K7b,"7k/1p4p1/pP1r4/4qp2/P2Nn3/1Q5P/2N3K1/3R4 w - - 4 48","g2f1 e5f4 b3f3 f4f3 d4f3 d6d1",2107,"advantage exposedKing long middlegame"
00XbN,"6k1/R4p1p/6P1/3p4/8/2b5/1r2rBPP/5RK1 b - - 0 26","e2f2 g6f7 g8f8 a7a8",2109,"advancedPawn advantage endgame short"
00LRq,"1k6/1p1q4/P2p3p/1NpPpn1Q/5b2/2P3r1/1P2B1P1/R6K b - - 3 28","g3g7 a6a7 b8a8 b5c7 d7c7 h5e8 c7b8 a7b8q",2111,"advancedPawn discoveredCheck doubleCheck mate mateIn4 middlegame promotion queensideAttack sacrifice veryLong"
00SiY,"8/8/3p2N1/3Pp1n1/4Pp1p/3k1P1P/6K1/8 w - - 8 57","g6h4 d3e2 h4f5 g5f3",2111,"crushing endgame knightEndgame master short zugzwang"
00J5r,"r4rk1/1p4p1/p1p1n1Pp/q3p3/4P3/2N1QP2/PPP5/2KR3R w - - 0 21","h1h6 g7h6 e3h6 a5c7",2112,"crushing defensiveMove master middlegame short"
00UJP,"1r2q1k1/R1p4p/3pNp2/3P4/1p3pbb/1BP5/1P3PPK/Q4R2 w - - 2 28","a7c7 h4g3 h2g1 e8h5 c7g7 g8h8 f2g3 f4g3 f1f3 h5h2",2114,"crushing middlegame sacrifice veryLong"
00baa,"1r1qr1k1/p1p2ppp/1p1b1n2/8/3Q4/1PN3P1/PBP1PPKP/R3R3 w - - 1 15","c3d5 d6e5 d5f6 d8f6 d4c4 e5b2",2122,"advantage long middlegame skewer"
003cs,"2r1kbnr/pp4pp/4p3/3pP1N1/3q4/1P2B3/P3Q1PP/nN3RK1 b k - 1 16","d4e5 f1f8 e8f8 e3c5 c8c5 e2e5 c5c1 g1f2",2123,"advantage attraction discoveredAttack exposedKing middlegame sacrifice veryLong"
00V4d,"b2r2k1/p2rqpp1/n2Npb1p/2Q1N3/1P6/P5P1/3RPPBP/3R2K1 w - - 3 23","c5b5 d7d6 e5g6 f7g6 d2d6 d8d6 d1d6 e7d6",2123,"advantage middlegame veryLong"
00Ac7,"8/2p1pk1p/Pp4p1/8/p1P2P2/3r2P1/3PR2P/3K4 b - - 1 33","a4a3 a6a7 d3d8 e2e3 a3a2 e3a3",2125,"advancedPawn advantage endgame long rookEndgame"
002LF,"7r/p2q1pk1/1pp3p1/8/6P1/4Q3/PP1R1P1r/5KN1 b - - 0 38","d7g4 e3e5 f7f6 e5c7 g7h6 c7h2",2128,"advantage endgame interference long"
00IpT,"r1bk3r/ppp1n2p/3pNQ2/8/2BpP2p/8/PPPq2PP/R5K1 b - - 2 21","d8d7 f6h8 d7c6 h8e8",2130,"crushing hangingPiece middlegame short"
008nF,"2rq1rk1/7p/1n4pb/1R2p3/pPpP1P2/P1B5/3NQ1PP/2R3K1 w - - 0 31","e2e5 f8e8 e5e8 d8e8",2132,"crushing master middlegame short trappedPiece"
00Kd8,"3R4/3P4/8/5p2/5kPp/8/3r1KP1/8 w - - 1 64","f2g1 f4g3 g1f1 f5g4",2133,"advantage endgame rookEndgame short"
00ZSu,"8/2R5/1r2k1pp/1P6/K3pp2/7P/5PP1/8 b - - 0 43","e4e3 f2e3 f4e3 c7c3",2145,"advantage endgame rookEndgame short"
00gpa,"r1b2rk1/qp3pp1/p3p2p/8/8/P5P1/1PBB2P1/2RQ3K b - - 0 21","f8d8 d2e3 d8d1 c1d1 g8f8 e3a7 a8a7 d1d8 f8e7 d8c8",2147,"advantage fork middlegame sacrifice veryLong"
00IFk,"r1b4r/ppk2ppp/2p5/3n2B1/2P5/6P1/P1P1B2P/2KR3R b - - 0 16","d5c3 g5f4 c7b6 c4c5 b6c5 f4e3",2150,"attraction crushing long middlegame"
000jr,"5k2/1p4pp/p5n1/5Q2/3BpP2/1P2PP1K/P1q4P/7r b - - 1 33","f8g8 f5d5 g8f8 d4c5 c2c5 d5c5",2152,"crushing endgame long"
00OPc,"1k1rr3/ppp1q3/8/4nQNp/8/2P4P/PP4P1/2K1R2R w - - 0 25","g5f3 e5d3 f5d3 d8d3 e1e7 e8e7",2152,"advantage fork long middlegame"
00Pms,"r1b1kr2/p1p2pQp/1p2pP2/8/8/1P4P1/P2KNP1P/R1B4q b q - 0 17","c8a6 g7f8 e8f8 c1a3 f8e8 a1h1",2155,"advantage attraction discoveredAttack long middlegame sacrifice"
00W3Q,"3r1k2/5p2/Np3P1p/1P2pR2/2p1N3/b1P1n3/P5PP/6K1 w - - 0 32","f5e5 d8d1 g1f2 e3g4 f2e2 d1d3",2157,"advantage endgame fork long master masterVsMaster"
00WoW,"8/4kppR/r1p1p2p/p3P2P/4P1P1/1pP1KP2/6B1/8 w - - 0 29","e3d2 a5a4 g2f1 a4a3 f1a6 a3a2",2158,"advancedPawn advantage endgame long master quietMove sacrifice"
00J5q,"8/5Qpk/4p3/1p6/p7/1q1bB2P/5PP1/6K1 b - - 0 32","a4a3 e3d4 e6e5 f7b3",2159,"crushing endgame short"
00AXb,"5kr1/pp3p1p/1q2pBb1/1B1p4/P7/5P2/1P4rP/2Q1K2R b K - 0 21","g2g1 h1g1 b6g1 b5f1 g6c2 c1f4",2161,"advantage defensiveMove long middlegame"
00Voj,"r1bk1b1r/2q5/p1n1p1Bp/1p1pP3/3p4/P3B3/1PP2QPP/R4RK1 b - - 1 17","d4e3 f2f6 d8d7 f6h8 c8b7 f1f8 a8f8 h8f8",2166,"advantage discoveredAttack fork middlegame veryLong"
00DKr,"3r1k2/2p1R3/p2p2n1/1p6/1P1P2Q1/7P/5qPK/3R4 w - - 2 42","d1e1 g6e7 e1e4 f8e8",2169,"advantage defensiveMove endgame short"
003md,"r1b1k2N/ppp3pp/2n5/2bp4/7q/1B4n1/PPPP1P1P/RNBQ1RK1 w q - 0 10","f1e1 g3e4 e1e4 d5e4 d1h5 h4h5 b3f7 h5f7",2171,"crushing defensiveMove middlegame veryLong"
00TuA,"8/6p1/8/pp2k1p1/2p2p2/2P1KPPP/PP6/8 w - - 0 37","e3f2 f4g3 f2g3 e5f5",2173,"crushing defensiveMove endgame pawnEndgame short"
00YjD,"8/8/2p5/5k2/3R2p1/1P1P2K1/2r5/8 w - - 0 38","d4c4 c2c4 d3c4 c6c5 b3b4 c5b4",2175,"crushing endgame long quietMove rookEndgame"
00UHs,"r4rk1/ppp3pp/4p3/2P4P/1nNP2q1/P3QP2/1Pb2K2/R4B1R b - - 0 22","c2e4 c4e5 b4d5 e5g4 d5e3 f2e3",2176,"crushing long middlegame"
0091A,"1r3rk1/q4ppp/p3Pb2/3nN3/P2P4/7Q/1B4PP/1R3RK1 b - - 0 24","b8b2 e6f7 f8f7 h3c8 f7f8 c8e6",2177,"advancedPawn advantage kingsideAttack long middlegame"
00LBF,"3r2k1/1b2qpb1/pp4p1/3rp3/3R2P1/2P2NBP/PP2Q2K/3R4 b - - 0 33","e7d7 d4d5 b7d5 c3c4",2179,"advantage master middlegame short"
00bvs,"8/6p1/4pk2/P2n1p1Q/2pP1Pr1/2P5/2qB1RbP/R5K1 w - - 0 33","f2g2 g4g2 g1g2 d5f4 g2g1 f4h5",2179,"attraction crushing long middlegame pin"
00LZl,"r2qkb1r/ppp2ppp/2n5/3pPb2/3n1B2/2NB1N2/PP3PPP/R2QK2R b KQkq - 3 9","f8b4 f3d4 c6d4 d1a4 d4c6 d3f5",2180,"advantage deflection fork long opening"
00QyM,"8/3k4/1pp3p1/4Pp1p/2PK1P1P/pP6/P7/8 b - - 1 35","d7e6 b3b4 e6e7 b4b5 c6b5 c4b5",2181,"crushing endgame long pawnEndgame quietMove zugzwang"
00LZf,"r1b1kb1r/pppp1ppp/2n1p3/3nN3/3P2q1/4B3/PPP1BPPP/RN1Q1RK1 b kq - 9 8","d5e3 f2e3 g4g5 e5f7 g5e3 g1h1",2185,"advantage attackingF2F7 fork long opening"
00D12,"8/6pp/8/3kP3/1p1P2P1/rPpK3P/4R3/8 b - - 1 39","a3b3 e5e6 c3c2 d3c2 b3c3 c2d2",2189,"crushing endgame long rookEndgame"
001u3,"2r3k1/p1q2pp1/Q3p2p/b1Np4/2nP1P2/4P1P1/5K1P/2B1N3 b - - 3 33","c7b6 a6c8 g8h7 c8b7",2190,"advantage hangingPiece middlegame short"
004sY,"8/2k3n1/3p2p1/1KpP2Pp/2P4P/7B/8/8 w - - 0 57","b5a6 c7d8 a6b5 g7f5",2191,"crushing endgame short"
007gO,"2r3rk/5p2/4p2p/4q3/1Q6/8/1P3PPP/R4RK1 w - - 0 31","a1c1 e5g5 g2g3 c8c1",2197,"crushing endgame short"
00ZEW,"r1b5/pppqNkp1/3p3p/6rn/1PP2p1N/P5P1/4Q2P/4RRK1 b - - 3 22","g5e5 e2h5 e5h5 f1f4 f7e8 e7g6",2201,"advantage discoveredAttack discoveredCheck long middlegame pin sacrifice"
00dWq,"2r1kb2/5p1p/p3p3/1p2P1Q1/1Pq5/P1p3P1/2P4P/2KR1R2 w - - 0 28","g5f4 f8h6 c1b1 h6f4",2204,"advantage endgame pin short"
008LT,"r4rk1/6p1/b3p1nN/p1pp4/1p3P1q/3P1Q1B/PPP2PK1/R6R b - - 0 26","g8h8 h6f7 f8f7 h3e6",2205,"crushing kingsideAttack middlegame pin sacrifice short"
00PgQ,"3r4/P1R5/7P/4p3/8/4p3/2p1K3/1k6 w - - 1 55","e2e3 c2c1q c7c1 b1c1 e3e4 d8e8",2208,"advancedPawn crushing defensiveMove endgame long master promotion"
00ZvN,"8/8/8/4kppp/8/4KPPP/8/8 b - - 0 35","f5f4 g3f4 g5f4 e3d3 e5f6 h3h4",2210,"crushing defensiveMove endgame long pawnEndgame"
00bQA,"r7/6k1/2b1R1n1/1p3nR1/1P1p3p/3P1PpP/2N3P1/6K1 b - - 0 40","f5e7 e6e7 g7f6 g5g6 f6e7 g6c6 e7d7 c6c5",2210,"crushing exposedKing master middlegame pin skewer veryLong"
00JMV,"8/1p4pk/pPp4b/P1P1P3/3pq1b1/2Q5/6PP/2B2RK1 w - - 0 32","c3e1 e4e1 f1e1 h6c1",2212,"advantage endgame short"
00Bpq,"7k/pb1r2p1/1pq2n1p/2p1RP2/2P5/1NP3BP/P7/2Q2BK1 w - - 1 37","c1e3 c6h1 g1f2 d7d1 b3d2 d1d2",2222,"advantage kingsideAttack long middlegame"
00MHi,"8/8/5pp1/5k1p/5P1P/4R1P1/2r5/5K2 w - - 0 43","e3e2 c2e2 f1e2 f5g4 e2f2 g4h3",2225,"crushing endgame long rookEndgame zugzwang"
00dt1,"Q7/8/3B4/2p5/Krkn4/8/8/8 w - - 1 54","a4a3 d4b5 a3a2 b5c3 a2a1 b4b1",2226,"arabianMate endgame exposedKing fork long master mate mateIn3"
00fXf,"6k1/5p2/3bbq2/p2p2pp/N2Pn3/P3PN1P/4BPP1/2Q3K1 w - - 0 31","a4c5 d6c5 d4c5 g5g4",2228,"advantage master middlegame short"
00aNB,"8/8/pp3k1K/2p4P/P7/2P5/8/8 w - - 0 44","h6h7 c5c4 h7g8 f6g5 g8f7 b6b5 a4b5 a6b5 f7e6 b5b4",2229,"crushing endgame pawnEndgame quietMove veryLong"
00ct0,"4rrk1/pp4pp/2p1b3/4q3/4Bb2/1PPQ4/P4PP1/R1B2R1K w - - 3 22","c1f4 f8f4 e4h7 g8h8 h1g1 f4h4 f2f4 e5c5",2232,"crushing middlegame veryLong"
00Aok,"5rk1/Q2B1p1p/4p1p1/3p4/3N2b1/2q5/Pr3RPP/5RK1 w - - 0 23","f2f7 c3e3 g1h1 f8f7 a7a8 g8g7 f1f7 g7f7 a8e8 f7f6",2236,"crushing intermezzo middlegame veryLong"
00P81,"6k1/5p2/4p2p/3pPP2/1R5P/7r/2B5/2b2K2 b - - 0 46","h3c3 b4b8 g8h7 f5e6 c3c2 e6e7",2244,"advancedPawn crushing discoveredAttack discoveredCheck endgame long sacrifice"
003Ec,"3r4/p4R2/1pb2Pp1/n1p1Q1kp/8/P2q4/1P4PP/6RK b - - 2 32","d3f5 e5e3 f5f4 h2h4 g5f5 e3h3",2245,"crushing long middlegame pin"
0078T,"rk5r/1b3R2/pp2p2q/4P2p/B2p3B/4R2P/PP4P1/5Q1K b - - 0 27","d4e3 f7b7 b8b7 f1f7 b7b8 h4e7",2248,"attraction crushing defensiveMove exposedKing long middlegame queensideAttack sacrifice"
00FHO,"8/1pp5/p2p3p/3P1Pk1/P3K1P1/1P5R/8/2r5 w - - 1 39","e4f3 c1c3 f3g2 c3h3 g2h3 h6h5 g4h5 g5h5",2248,"crushing endgame rookEndgame veryLong"
0092V,"r2qk1nr/ppp3pp/2n5/1B1pp3/1b1P4/5Q1P/PP1B1PP1/RN2K2R b KQkq - 3 11","e5e4 b5c6 b7c6 f3h5 g7g6 h5e5",2252,"crushing exposedKing long opening"
00JtR,"1rbk3r/3qp1b1/p3p1Bp/1N1P2p1/8/P5P1/1P2Q1P1/R3K2R w KQ - 2 23","d5e6 d7b5 e2d2 d8c7 a1c1 c7b7 g6e4 b7a7",2255,"crushing defensiveMove middlegame veryLong"
00bhw,"8/2pR3p/1p1b3k/p2B2pP/P1P2rP1/5P2/4r3/5R1K b - - 0 31","f4d4 d5e4 d4e4 f3e4",2255,"crushing endgame short"
00U2C,"8/8/6RP/2p5/p1k1pP2/4P3/np1K4/8 w - - 0 48","g6b6 a2b4 b6b4 c4b4 d2c2 b4a3 h6h7 a3a2",2256,"crushing defensiveMove endgame master quietMove veryLong"
004Op,"2kr2r1/1bp4n/1pq1p2p/p1P5/1P3B2/P6P/5RP1/RB2Q1K1 w - - 3 26","e1f1 d8d1 f1d1 g8g2 g1f1 g2g1 f1e2 g1d1",2261,"crushing deflection kingsideAttack middlegame pin sacrifice skewer veryLong"
00eGy,"8/6k1/pp2p3/3pPpp1/PPpP1n2/2P3KP/2R5/8 w - - 2 39","h3h4 f4h5 g3f2 g5g4",2261,"advantage defensiveMove endgame master short"
00347,"8/2p5/8/2pPk2p/8/4K2P/6P1/8 w - - 1 42","e3d3 h5h4 d3c4 e5d6",2264,"crushing endgame pawnEndgame quietMove short"
00Gz6,"r7/p3qkp1/1p4p1/3Nn3/Q7/4PP2/PP3K2/6R1 b - - 0 25","e7c5 a4f4 f7e6 f4e4 a8f8 g1g6",2264,"crushing endgame fork long pin"
00fxc,"4r2k/1pQ2p2/p4N1p/5P2/1P6/P1Pn1K2/4r3/6R1 w - - 1 36","c7f7 e8e3 f3g4 d3e5 g4h5 e2h2",2264,"endgame exposedKing fork long mate mateIn3"
00OR6,"2r4k/5Q1p/p7/1pq5/4p2N/2P3bP/PP4P1/4R2K b - - 0 34","g3e1 f7f6 h8g8 h4f5 c5f5 f6f5",2265,"advantage endgame long quietMove"
008EC,"6k1/4rpp1/p6p/7P/q1pP1R2/2Pb2Q1/P4RP1/6K1 w - - 9 31","f4f7 e7f7 g3b8 g8h7 f2f7 a4d1 g1f2 d1f1 f2g3 f1f7",2268,"advantage endgame skewer veryLong"
00KYC,"5rk1/p6p/2r1pBp1/4P3/2b5/3p4/P4PPP/1R2R1K1 w - - 0 27","b1b7 f8f6 e5f6 d3d2 e1d1 c4e2",2272,"advancedPawn clearance crushing endgame long master sacrifice"
00XBD,"8/2p5/3p4/ppk5/2P5/PP1PK3/8/8 w - - 0 39","e3e4 b5c4 d3c4 a5a4 b3b4 c5c4",2284,"crushing endgame long pawnEndgame"
00EJb,"6k1/5pp1/2R1p2p/8/P1B5/1P4P1/1q3Q1P/3r2K1 w - - 1 35","g1g2 d1d2 c6c8 g8h7 c4d3 f7f5 c8c2 d2f2",2288,"advantage endgame pin veryLong"
00E4Z,"1r4k1/p4p1p/6p1/3rb3/K7/2PpB3/1P1R1PPP/7R w - - 1 25","h1d1 d5d6 b2b4 e5c3 e3c5 d6a6",2290,"advantage endgame long master masterVsMaster quietMove"
00SlL,"r5k1/2p1qp1p/2b1p1pQ/pp5P/3P2P1/3P1r2/PP2N3/2KR3R b - - 0 23","f3d3 d1d3 c6h1 h5g6 f7g6 h6h1",2297,"advantage discoveredAttack long middlegame"
00Ytk,"2k5/pp2PR2/2p4p/2Pp4/3Nb3/2K1P2r/PP6/8 b - - 0 33","h3e3 c3d2 e3d3 d2e2 c8d7 d4e6",2297,"crushing defensiveMove endgame long"
00Wfh,"r2q2k1/1p2b1p1/p1np1r1p/2BR4/4p3/7P/PP1Q1PPN/3R2K1 b - - 1 19","d8a5 d2a5 c6a5 c5d4",2298,"advantage master middlegame short"
005qG,"8/8/1p1k1p1p/3npp2/2B5/PP1K1PP1/7P/8 b - - 0 36","f5f4 c4d5 f4g3 h2g3 d6d5 g3g4",2310,"crushing defensiveMove endgame long"
00LXD,"8/p7/1p2k1pp/5p2/3P1P2/4K3/PP5P/8 w - - 2 37","a2a4 g6g5 f4g5 h6g5",2318,"advantage endgame master pawnEndgame short"
00VlM,"1k6/1p2rp1p/1p4b1/1N1B4/2P2p2/3p3P/P2Rr3/2K2R2 w - - 4 34","f1f4 e2e1 c1b2 e7e2 b2c3 e1c1 c3d4 e2d2",2318,"advantage clearance deflection exposedKing middlegame veryLong"
00YHj,"5k2/1p6/8/4p2B/1R2Pp1p/3r1KpP/8/8 w - - 1 50","f3e2 d3e3 e2f1 f4f3 h5f3 e3f3",2318,"crushing endgame long"
0072T,"3q1nk1/1bN2rpp/pp1P4/1N6/4n2b/8/PPP2PPP/R1BQ1RK1 w - - 1 16","b5d4 h4f2 f1f2 e4f2",2320,"advantage kingsideAttack master middlegame short"
00OKo,"r3r1k1/pbq5/1p2pp1p/2p1N3/2PP2Q1/1P1B4/P5PP/R5K1 b - - 1 24","g8f8 a1f1 c7g7 f1f6 g7f6 e5d7",2331,"advantage exposedKing long middlegame pin sacrifice"
00Nhl,"5r1r/pR5p/k1ppb1n1/4p1Q1/N3P3/1P1P4/P1P3PP/6K1 w - - 1 23","b7h7 g6f4 g5f4 e5f4 h7h8 f8h8",2332,"advantage long middlegame"
00PIO,"2k1r2r/1p2P3/p1b1p3/3p1npp/5q2/1N3N1Q/PP3PPP/2R2RK1 w - - 1 22","f3d4 f5d4 b3d4 f4d4 h3e6 c8c7",2332,"crushing long middlegame"
00ZK8,"r1bq1b1r/pp3kpp/3p1n2/3Q4/2n1P3/5N2/PP3PPP/RNB1K2R b KQ - 1 10","c8e6 f3g5 f7g6 d5e6",2332,"advantage deflection opening short"
00gEe,"8/pp4bk/2q2npp/2P1Bp2/5P1P/1Q2p1P1/P3Pn2/3R1RK1 w - - 1 30","b3e3 f2h3 g1h2 f6g4 h2h3 g4e3",2334,"crushing exposedKing fork long master middlegame"
00KVF,"4r1k1/p4ppp/bqp2n2/2Qp4/3P4/8/PP3PPP/RNB1N1K1 w - - 1 16","c5c3 b6b5 e1d3 b5d3",2335,"crushing middlegame short"
00M7w,"r1b1k2r/ppp2ppp/2n5/2bBp3/2Pq4/3P1QP1/P2B1P1P/1R2K1NR b Kkq - 2 12","f7f6 g1e2 d4f2 f3f2 c5f2 e1f2",2341,"crushing long opening"
00Mca,"1k6/1Pp1rqp1/p1R5/6pp/Q6P/1P6/P4PBK/3r4 b - - 5 34","e7e6 a4c4 e6c6 c4f7",2349,"crushing endgame short"
00Ksk,"6B1/ppp3p1/7k/7p/6q1/8/Pb1Q1P1P/5K2 b - - 7 34","g7g5 d2d3 h6g7 d3h7 g7f6 h7f7",2355,"crushing endgame long quietMove"
00H2L,"8/8/2p2p2/p4P1p/Pk5P/4K1P1/8/8 w - - 1 39","e3d3 c6c5 d3e2 c5c4 g3g4 h5g4",2357,"crushing endgame long pawnEndgame quietMove"
00Mf0,"2kr3r/pp1b1pq1/2n1p3/2Pp4/5Np1/1QP3P1/P4PBP/R4RK1 b - - 4 19","g7h6 f1b1 h6h2 g1f1 c6a5 b3b4",2361,"advantage long master middlegame quietMove"
00fN7,"N1bk4/pp1p1R2/5bB1/4p3/4n3/8/PB2r3/2K5 b - - 5 24","e2f2 f7f8 d8e7 f8e8 e7d6 g6e4 f2b2 c1b2",2361,"advantage fork middlegame veryLong"
00UQj,"6r1/pp1qbpk1/8/2pPp1r1/2P1Pp2/P1N2Qp1/3B2K1/R6R w - - 0 31","h1h3 d7h3 g2h3 g3g2",2363,"advancedPawn crushing master middlegame sacrifice short"
00RvC,"3r2k1/pp4q1/6P1/7Q/8/bP5P/P5P1/5R1K w - - 1 30","f1f7 g7a1 h1h2 a3d6 g2g3 d6g3 h2g2 d8d2",2364,"crushing endgame veryLong"
00V8g,"8/4k3/8/1K1n4/P7/8/1P6/8 b - - 0 57","d5c7 b5c6 e7d8 c6b7 d8d7 a4a5",2366,"crushing defensiveMove endgame knightEndgame long"
004b0,"5kB1/4b3/4P3/2p2P2/2b5/8/p7/B6K w - - 4 48","g8f7 e7g5 f5f6 g5e3 a1e5 e3f4 e5f4 a2a1q",2368,"advancedPawn bishopEndgame crushing deflection endgame promotion quietMove veryLong"
002mG,"5r1k/B1p3pp/2Qb1p2/3Pq3/P6P/8/2P3K1/3R1R2 w - - 1 36","g2f2 f8e8 c6e8 e5e8",2372,"advantage middlegame quietMove short"
006XF,"r5kr/pp1qb1p1/2p4p/3pPb1Q/3P4/2P1B3/PP4PP/R4RK1 b - - 1 17","f5e4 h5f7 g8h7 f1f6 e7f6 f7d7",2372,"advantage long middlegame pin"
00DZe,"8/5k2/7p/p1P1bPpP/Pp2P3/1P1pBK2/8/8 w - - 1 47","e3f2 g5g4 f3e3 e5d4 e3d3 d4f2",2374,"bishopEndgame crushing deflection endgame long master skewer"
00bgO,"8/8/1p1nk3/p2N4/2P1p3/PP2K3/8/8 b - - 4 46","e6d7 d5b6 d7c6 b6a4",2375,"crushing defensiveMove endgame knightEndgame master short"
00A8H,"1k6/1pb2p2/p1p1p3/2P5/PP6/1KB5/4q3/1R1R4 b - - 1 38","c7e5 d1d8 b8a7 b1e1 e2e1 c3e1",2376,"clearance crushing endgame long"
004Ys,"r4rk1/3q1pbp/p1n1p1p1/2p3NP/1p3B2/3P3Q/PPP3P1/R3R1K1 b - - 2 19","d7d4 f4e3 d4f6 e1f1 f6e5 h5g6 e5e3 h3e3",2384,"advantage defensiveMove middlegame veryLong"
005ws,"8/8/5pp1/3K3p/3N2kP/8/8/8 w - - 2 62","d5e6 g6g5 h4g5 f6g5 e6d5 h5h4 d5e4 h4h3 d4f3 g4g3",2385,"crushing endgame knightEndgame master masterVsMaster quietMove veryLong"
00Pgk,"r2q1rk1/pbp1bp2/1p2pn1Q/5nN1/8/P1NB4/1PP3PP/R4RK1 w - - 2 17","d3f5 d8d4 g1h1 e6f5",2386,"advantage intermezzo middlegame short"
00hJY,"3R4/5p1k/p5pp/6q1/1P4P1/P3rP1P/2Q5/6K1 w - - 0 35","d8d7 g5f4 c2f2 e3f3 f2f3 f4f3",2387,"crushing endgame long"
00APl,"3b1k2/1p4r1/p3qp1Q/8/8/3B1bP1/PP3P1P/2R3K1 b - - 0 29","d8b6 d3c4 f3d5 c4d5 e6d5 h6f6",2390,"advantage long middlegame"
001Hi,"6k1/pp1r1pp1/1qp1p2p/4P2P/5Q2/1P4R1/P1Pr1PP1/R5K1 b - - 4 23","b6d4 f4f6 d4f2 f6f2 d2f2 g1f2",2391,"advantage endgame long pin"
00KgF,"4r3/p5k1/1p5P/1P2P1K1/8/5N2/8/8 b - - 0 42","g7h7 g5h5 h7g8 f3g5 e8e5 h5g6 e5b5 h6h7",2397,"advancedPawn crushing endgame quietMove sacrifice veryLong"
01S0o,"rq3rk1/p1pn1p2/1pQ1p2p/1N2P1p1/2P3n1/8/PP3PPP/R3KB1R w KQ - 3 17","b5c7 d7e5 c6a8 b8c7 a8e4 c7c5 e4c2 f8d8",2400,"crushing defensiveMove middlegame veryLong"
00BZ6,"1r1r1bk1/3n1p1p/1qp3p1/2N1p3/PpQ1P3/4BP2/4N1PP/1R3RK1 w - - 0 24","f1c1 f8c5 e3c5 d7c5",2401,"advantage master middlegame short"
01Mct,"2r5/2pk2p1/p1Rp1p2/1P1PbPq1/4P1p1/6Qb/1PR1BP1P/6K1 w - - 1 35","g3a3 g5f4 a3g3 f4e4 c6c4 e4d5",2401,"advantage long middlegame"
00sQw,"8/8/2bk4/p3pB2/5P1p/P2KP3/8/8 w - - 1 40","d3c4 e5f4 e3f4 c6d7 f5d7 d6d7",2408,"bishopEndgame crushing endgame long"
00LRv,"5r1k/7p/p2pB3/3Pb1p1/4p2q/1P2B3/P1Q2P2/2R3K1 w - - 0 31","f2f4 h4g3 g1h1 g3f3 c2g2 f3e3",2411,"crushing exposedKing fork long middlegame"
00R8C,"r4q1k/2bn2p1/2p3pp/1pP5/1P1B2P1/1Q1P1r1P/5PB1/4RRK1 w - - 0 27","g2f3 f8f4 d4g7 h8h7 e1e5 d7e5 g7e5 c7e5 f1e1 f4f3",2411,"crushing fork master middlegame veryLong"
01TCa,"2n5/p1k5/7p/6p1/P1B1KpP1/5P2/7P/8 w - - 0 46","e4f5 c8d6 f5g6 d6c4 g6h6 c7d6 h6g5 d6e5",2417,"crushing defensiveMove endgame fork veryLong"
01clX,"8/8/2p2k2/1p2rp2/p2R2pP/P1P3P1/5PK1/8 b - - 2 47","e5d5 d4d5 c6d5 g2f1",2418,"crushing defensiveMove endgame rookEndgame short"
01bxe,"2r2rk1/p2R1pbp/3pB1p1/8/4P1Q1/q2P2P1/5PKP/8 b - - 0 25","h7h5 g4g6 a3c1 d7f7 f8f7 g6f7 g8h8 f7h5",2423,"crushing middlegame pin veryLong"
01WIW,"8/p7/1p3p2/4pP1p/kP2P2P/P1K5/8/8 w - - 6 45","c3b2 a7a6 b2c3 a4a3",2424,"crushing endgame master pawnEndgame quietMove short zugzwang"
010rQ,"r3kb1r/1p1b1p2/p2ppp1p/n1q2P1B/3NP3/2N3R1/P1PQ2PP/1R4K1 b kq - 0 19","a5c4 d2f2 e6e5 d4e6 c5f2 g1f2",2425,"advantage long middlegame pin quietMove"
00XPh,"2br3k/5p1p/ppn2Np1/2b1q1P1/2P1p2N/P7/1PQ1B1K1/R4R2 w - - 6 27","c2c1 c5d6 c1f4 e5f4 f1f4 d6f4",2426,"crushing long middlegame"
01StO,"r2r2k1/pp6/2p1p2Q/4qp1R/2P5/5BPP/1P3P2/6K1 b - - 1 26","g8f7 h5g5 d8h8 f3h5 f7e7 g5g7 e5g7 h6g7",2426,"clearance crushing endgame veryLong"
005YM,"5k2/p4pp1/1qn3r1/3pP2p/5P2/1NPQ4/Pr3RPP/R5K1 w - - 5 24","b3d4 b2f2 g1f2 c6d4 d3d4 b6b2",2429,"advantage long middlegame"
0122Z,"r1bqkr2/1pp3pN/p1np4/4pp2/2B1n3/P1NP3P/1PP2KP1/R1BQ3R w q - 0 11","f2e3 f5f4 e3e4 c8f5 e4f3 d8h4",2430,"advantage fork long middlegame sacrifice"
01LIb,"8/p4kp1/4r3/3R2P1/5P2/P3PQ2/4R2K/2q2r2 w - - 1 40","f3h5 f7e7 d5d7 e7d7 h5f7 d7d6",2431,"advantage defensiveMove endgame long"
01Wye,"8/7P/8/2k1b3/2P1Pp2/1p3K2/8/3N4 w - - 1 59","f3g4 c5c4 g4f5 c4d4 h7h8q e5h8",2431,"crushing endgame long"
00FGc,"1r4k1/5p2/2q3bp/4R3/p1r5/P1N5/1PP1Q2P/1KR5 w - - 2 33","b1a2 c4c3 b2c3 f7f6",2438,"advantage middlegame sacrifice short"
00pXW,"r2qr1k1/3n1pp1/p2bp2p/1p1b2NQ/5P2/3BB3/PPP3PP/R4RK1 b - - 1 17","h6g5 f4g5 f7f5 g5f6 d7f6 f1f6",2439,"advantage enPassant long middlegame"
004sg,"6k1/p3b2p/1p1pP3/2p3P1/1Pnp3B/P6P/3Q3K/8 w - - 0 38","b4c5 c4d2 c5c6 d6d5 g5g6 e7d6",2440,"advantage clearance endgame hangingPiece long quietMove"
00lhJ,"3q3k/3n4/3PQ2p/p3P1r1/P1P4b/2N1p2P/1r6/R5RK b - - 1 32","d7e5 e6h6 h8g8 h6h4 b2h2 h1h2 e5f3 h2h1 f3h4 g1g5",2446,"crushing fork middlegame veryLong"
01V9z,"8/5k1p/5p2/3pbP2/3B3P/5K2/1P6/8 w - - 5 32","d4c3 e5c3 b2c3 h7h5",2446,"bishopEndgame crushing defensiveMove endgame master short"
0125B,"8/1p6/1Pr2P2/1Rp3K1/3p4/4k3/8/8 b - - 0 44","c6f6 g5f6 c5c4 b5e5",2448,"crushing endgame hangingPiece rookEndgame short"
01398,"1kr5/pp2b3/B1p1p3/B1P1Np1p/3P1P1q/1P5b/1PR2RPP/6K1 b - - 0 27","b7a6 g2g3 c8g8 g1h1 h4g4 e5g4",2449,"advantage long middlegame"
01M07,"1r6/2p4p/2r5/kN1p2p1/P4p2/2PRnP2/3R2PP/6K1 b - - 6 36","a5a4 b5d4 b8b1 g1f2 c6c3 d3c3 e3d1 d2d1",2449,"advantage endgame veryLong"
01Wbh,"5r1k/ppp1q2p/8/3BnQ2/4p1n1/2N3K1/PPP2PP1/R4R2 w - - 1 21","f5e4 e7g7 f2f3 g4f6",2451,"advantage discoveredAttack discoveredCheck middlegame quietMove short"
00TEQ,"r3k1nr/1bq2ppp/p2p4/1p2p1NQ/3nP3/1BN4P/PP3PP1/R2R2K1 b kq - 2 15","g8f6 h5f7 c7f7 g5f7",2454,"advantage attackingF2F7 middlegame short"
01Vt6,"8/7p/K1k1p1p1/p1p5/5PP1/1P5P/P7/8 w - - 2 34","a6a5 g6g5 f4f5 e6f5",2455,"crushing endgame pawnEndgame short"
00NGM,"3k1rr1/pR1b3Q/2pqp3/8/N2P4/8/5PB1/R4K2 w - - 5 34","b7a7 f8f2 f1e1 d6b4 a4c3 b4c3 e1f2 c3d4 f2f1 g8f8",2458,"crushing middlegame veryLong"
00f79,"3r1rk1/1p2q1pp/p1b2n2/2p1p3/P1P1N2P/1P2QNP1/2PR1P2/2K4R w - - 2 19","e4f6 e7f6 h1d1 e5e4 c1b1 e4f3 d2d8 f8d8 d1d8 f6d8",2461,"crushing middlegame veryLong"
002LW,"3r1rk1/1b1n1pp1/3p4/p4PPQ/4P3/3q1BN1/8/2R2RK1 b - - 1 28","d7e5 f5f6 e5f3 f1f3",2464,"advantage middlegame short"
01SWp,"r1b5/5pk1/1p1qpnp1/2ppN2r/1p1P3P/1B1Q4/PPP2P2/2K3RR b - - 1 22","c5c4 g1g6 g7f8 d3g3 c4b3 g6f6",2465,"advantage long master middlegame quietMove"
00CbV,"2r3k1/5p2/p3p1nQ/3pPP2/2qN4/2b3BP/7K/4R3 b - - 0 33","c3e1 f5f6 e1g3 h2g3 c4d3 d4f3 d3f3 g3f3 g6h4 h6h4",2466,"crushing middlegame veryLong"
00Xop,"r2q1rk1/2p2nbp/1B1p2p1/4p1N1/4P1P1/1bN4P/PP1Q1P2/2KR3R w - - 0 18","b6c7 d8c7 a2b3 f7g5",2470,"crushing hangingPiece master middlegame short"
00gbj,"8/8/8/3k2K1/6nP/6P1/8/8 b - - 4 57","g4e5 g5f5 e5c4 h4h5 c4d6 f5g6",2470,"crushing defensiveMove endgame knightEndgame long quietMove"
01PES,"6rk/1RQ3b1/8/3Pp2p/2P1Pp1q/r1N2PpP/8/5BRK w - - 0 31","c3b5 a3f3 f1g2 f3f2 g1a1 f4f3",2472,"crushing long middlegame"
00q7B,"Q6r/p1pqk1bp/3ppnp1/2n5/4P3/2N2N2/PB3PPP/R3R1K1 w - - 2 15","e4e5 h8a8 e5f6 e7f6 c3e4 f6f7 e4c5 d6c5",2473,"advantage middlegame veryLong"
01eNq,"r7/pb1pq1k1/1p3Rp1/3pr3/8/8/PPP2QPP/5R1K b - - 5 23","e5f5 f6f5 g6f5 f2g3 g7h8 f1f5 a8e8 f5h5",2474,"advantage discoveredAttack middlegame veryLong"
00bmj,"r2q1k1r/p1p2ppp/1p6/8/3n2b1/1Q3NP1/PP1N1PP1/3RKB1R w K - 2 15","b3b4 c7c5 b4c4 d8e7 f1e2 b6b5 c4d3 g4f5 d3d4 c5d4",2476,"advantage defensiveMove opening pin veryLong"
01iTZ,"r2b1r1k/p2bqppp/3N4/1N6/1P1nBP2/P1Pn3P/6P1/R2Q1RK1 w - - 0 24","c3d4 d7b5 d1h5 f7f5",2476,"advantage opening short"
019vo,"8/5ppp/8/5KPP/5P2/4k3/8/8 b - - 0 41","e3f3 h5h6 g7h6 g5h6 f3g3 f5g5",2478,"crushing defensiveMove endgame long pawnEndgame zugzwang"
00pqF,"4R3/R6p/Pp1q2pk/1Pp2r2/3r4/3P1p1P/2P2PK1/4Q3 w - - 0 43","g2h1 d4h4 e1e3 d6f4 e3f4 f5f4 h1g1 h4h3 e8e4 f4f5 e4g4 f5e5 g1f1 e5e2 g4g3 h3h1",2479,"advantage defensiveMove endgame master quietMove veryLong"
01JtE,"8/8/R7/8/6P1/1k5K/p3r3/8 w - - 1 53","h3h4 e2e1 a6a2 b3a2",2480,"crushing endgame master quietMove rookEndgame short"
00wau,"r5k1/p2Q1pbp/1p4p1/8/5B2/1q5P/3R1PPK/8 b - - 1 26","g7c3 d7c6 c3d2 c6a8 g8g7 f4d2",2482,"advantage endgame long"
00GuG,"2R5/7p/1K4k1/8/5p2/5n2/8/8 w - - 0 63","c8c6 g6f5 b6c5 h7h5",2484,"advantage defensiveMove endgame master short"
01jGY,"8/6p1/6pp/3RP3/2p3PP/2Pk4/6r1/4K3 b - - 0 54","d3c3 e5e6 g2g1 e1e2 g1g4 d5e5",2485,"advantage defensiveMove endgame long rookEndgame"
01MLC,"8/4kp2/4p1pp/1r2P2P/1P3PK1/8/8/1R6 b - - 0 39","f7f6 h5g6 f6e5 g4h5 e5f4 h5h6 f4f3 g6g7 e7f7 b1f1",2486,"advancedPawn crushing endgame rookEndgame veryLong"
01LSB,"8/8/p3k1p1/Pp1pB3/3PnK2/1P6/6P1/8 w - - 2 38","b3b4 e4f2 e5c7 f2d3",2488,"crushing endgame master masterVsMaster quietMove short"
00mST,"r4r2/ppk4p/n2N2p1/2p5/4Pb2/2P4P/PP2B2R/1K1R4 w - - 0 25","e4e5 f4h2 d6b5 c7b6 d1d6 b6a5 b5a3 f8f4",2494,"crushing defensiveMove hangingPiece middlegame veryLong"
00GHw,"r1bq1r2/1p4kp/4p1p1/1NpPp1P1/2P1P3/pPQ4B/P4n2/2KR3R b - - 1 21","f2h1 c3e5 g7g8 d5e6 d8e7 d1h1 e7g7 e5g7",2496,"advantage middlegame veryLong"
00P45,"3r1r2/p1p2p1k/1p2pPpp/7P/3qBQ2/8/PPP3P1/5R1K b - - 0 27","e6e5 h5g6 f7g6 f4g4 f8f6 f1f6 d4d1 g4d1 d8d1 h1h2",2496,"advantage endgame veryLong"
00bQR,"2r4r/pp1k1ppp/1q2p3/3pP3/Pb1n4/1P1Q4/3B1PPP/RN3RK1 b - - 5 15","c8c2 a4a5 b6c5 d2b4 c5b4 a1a4",2496,"advantage long middlegame"
00zu9,"8/1p3p2/4p1k1/P2pPpPp/1p1P3K/1P5P/5P2/8 w - - 8 43","f2f3 f5f4 a5a6 f7f6 e5f6 b7a6",2497,"crushing endgame long master pawnEndgame quietMove zugzwang"
00H5n,"8/5Rpk/3p3p/p1qPp3/P3n3/5N1P/1Q3PPK/2r5 b - - 0 35","e4f2 b2b7 c1h1 h2g3 f2e4 g3g4 e4f6 f7f6 c5b4 b7b4",2498,"advantage endgame pin quietMove veryLong"
01Bxs,"r2q1rk1/3b1pbp/pppQ4/2B2P2/6n1/1BN5/PPP3PP/R4RK1 w - - 0 17","c5d4 d8b8 b3f7 f8f7 d6b8 a8b8",2498,"advantage long middlegame"
00KNB,"2rr2k1/5p2/4p2p/4N1pQ/1p3P2/4P3/np3P1P/2q2BRK b - - 1 32","c8c7 h5h6 b2b1q h6g5",2499,"crushing kingsideAttack master middlegame pin short"
002e8,"r3nrk1/1b3pp1/4pb2/p3q3/1p1N4/3B2R1/PPPQN2P/1K4R1 b - - 1 23","a8d8 d2h6 g7g6 g3h3",2504,"crushing defensiveMove master middlegame pin short"
00EUu,"8/5P1P/1p4K1/8/6P1/8/2p5/k6r b - - 0 62","h1h6 g6h6 c2c1q g4g5 c1c6 h6g7",2505,"crushing defensiveMove endgame long"
00RPk,"8/2p5/5ppp/1PkP4/p4PPP/P1K5/8/8 b - - 0 39","c5b5 c3d4 c7c5 d5c6 b5c6 d4c4",2509,"advantage defensiveMove enPassant endgame long pawnEndgame"
01fEB,"r4rk1/3b2pp/8/p3Qp2/1pqP4/8/PP4PP/1B2RRK1 w - - 4 22","b1f5 a8e8 e5f4 f8f5 e1e8 g8f7 e8e5 f5f4",2516,"crushing middlegame sacrifice veryLong"
01W7X,"8/1R6/p1r1k3/2P2p2/1P6/1K6/3R4/r7 b - - 2 48","a6a5 d2e2 e6f6 b7b6",2518,"crushing endgame rookEndgame short"
01Ot9,"8/8/5p2/5r1k/6Rp/5P2/4KP2/8 w - - 3 58","e2e3 f5e5 e3d3 e5g5 g4b4 h4h3",2521,"crushing endgame long rookEndgame"
00BKa,"5rk1/p1Rb1ppp/2n1pn2/8/8/2P3P1/q4PBP/1rNQK2R b K - 2 16","f8c8 c7c8 d7c8 c1a2 b1d1 e1d1",2525,"advantage long middlegame"
00h8X,"r4r1k/pp1q1pb1/2npbn1p/2p1p3/4P3/1BPP1Q2/PP3P1N/RNB2KR1 b - - 9 17","e6b3 c1h6 g7h6 f3f6 h8h7 h2g4 d7e6 a2b3 e6f6 g4f6",2532,"advantage deflection exposedKing fork middlegame veryLong"
011jz,"2rrk3/p1p2p2/1p3P2/2p1P1PR/7p/1P6/P5P1/6K1 b - - 0 32","d8d5 h5h8 e8d7 h8c8 d7c8 e5e6",2535,"advantage endgame long rookEndgame"
00Kip,"8/6pp/8/3k4/2p2PPP/2K5/8/8 w - - 1 50","f4f5 d5e5 h4h5 h7h6 g4g5 h6g5",2536,"crushing endgame long pawnEndgame quietMove"
00L53,"3q2k1/Qp4pp/3r4/P7/8/1P6/3p1PPP/3R2K1 w - - 0 35","a7b7 d6e6 b7b4 d8d4 b4b8 g8f7 b8b7 f7g6 g2g3 e6e1",2536,"clearance crushing defensiveMove endgame quietMove veryLong"
012Fl,"2b2k1r/2q2p2/p1p2PpP/4p3/2r1B3/5Q2/P1P4P/R2R3K b - - 0 24","h8h6 f3e3 h6h2 h1h2",2537,"crushing master middlegame short"
01LYN,"r1b2r2/pp3pk1/2p1p1p1/4qnBp/2B5/2P2Q2/PP3PPP/R4RK1 b - - 0 16","f5d6 g5f4 e5c5 b2b4 c5c4 f4d6",2537,"advantage long middlegame"
01Pkf,"r2q1rk1/3pb1pp/1p1Npn2/pB2B3/3P3P/PQ6/1P3Pb1/R3K1R1 b Q - 1 20","g2d5 b3g3 g7g6 b5d3 e7d6 d3g6",2540,"crushing long middlegame sacrifice"
00spT,"1r4k1/2p1q1pp/pnQ5/4p3/2P5/N2B4/PP3rPP/2K1R2R w - - 0 20","h1f1 e7g5 c1b1 f2b2 b1a1 g5d2",2541,"crushing long middlegame queensideAttack"
01jUM,"1Q6/5p1k/1P6/3q4/6p1/8/6PK/8 b - - 0 42","f7f5 b8c7 h7g6 b6b7 f5f4 c7c2",2543,"advancedPawn crushing endgame long queenEndgame"
006NL,"1r6/k2qn1b1/p1b1p1p1/2PpPpN1/2nN1P1P/p4B2/1PP2Q2/1K1R3R w - - 0 32","d4c6 e7c6 b2b3 a3a2 b1a1 c4e5 f4e5 g7e5 a1a2 b8b5",2545,"advancedPawn advantage middlegame pin veryLong"
01YTQ,"8/6p1/2k4p/p1r5/3K4/1P1R1P1P/8/8 w - - 12 46","d3c3 c5c3 d4c3 g7g5",2550,"crushing defensiveMove endgame rookEndgame short"
00rnW,"4r1k1/1rp2ppp/5q2/2p5/8/P2P4/R2Q1PPP/2R3K1 w - - 6 24","c1c5 b7b1 c5c1 e8e2 d2e2 b1c1",2553,"crushing deflection endgame long pin"
00sJ9,"r3r1k1/p4ppp/2p2n2/1p6/3P1qb1/2NQR3/PPB2PP1/R1B3K1 w - - 5 18","e3g3 e8e1 g1h2 e1c1 a1c1 f4h6 h2g1 h6c1",2553,"advantage attraction fork middlegame sacrifice veryLong"
01icD,"r4rk1/2p1q1p1/p7/Q2Rp2b/7P/2N1P1B1/PP3P2/2K5 b - - 1 24","a8d8 d5e5 e7d7 e5d5",2558,"crushing fork master masterVsMaster middlegame short"
01HwG,"r6k/1p2R1b1/3P2P1/8/b1B2p2/pKp2P1P/8/7R w - - 4 34","b3a3 a4d1 c4a6 c3c2",2564,"advancedPawn advantage discoveredAttack discoveredCheck endgame master pin short"
014M7,"7r/6kP/6P1/p5K1/8/8/1p6/6R1 b - - 1 52","a5a4 g1d1 h8h7 d1d7",2570,"crushing endgame quietMove rookEndgame short"
01QK3,"r4rk1/p4p1p/2p1b2R/3q4/2P2Qp1/8/PP4PP/5R1K b - - 0 23","d5c5 f4e4 f7f5 e4e6 f8f7 h6h7",2572,"crushing long middlegame pin"
00UGu,"7R/6rP/8/8/8/5p2/7K/5k2 w - - 5 67","h2h3 f3f2 h3h4 g7e7",2580,"advancedPawn crushing endgame master rookEndgame short"
01JKz,"r3r1k1/ppp1qppp/5n2/4P3/8/2Q1B3/PPP4P/2KR2R1 b - - 0 19","e7e5 e3d4 e5f4 c1b1 a8d8 g1g7 g8f8 g7g1",2588,"advantage defensiveMove middlegame veryLong"
00CNA,"rnbq1r2/pp1n2bk/3pB1p1/4P1N1/5P2/2p5/PPP3P1/R1BQK3 b Q - 1 13","h7h8 d1d3 d8g5 f4g5",2589,"crushing opening short"
00gcQ,"8/p4p1k/1p4p1/3pQr2/3P3p/5qP1/PPB2P1K/5R2 w - - 6 35","c2d1 h4g3 h2g1 g3f2 g1h2 f3d3 d1e2 d3d2 e5f5 g6f5",2589,"advancedPawn advantage endgame veryLong"
00DzI,"8/2p5/2P2k1p/2pKp3/3p2P1/3B1p2/7P/8 w - - 0 42","d5c5 f6g5 c5d5 g5f4 h2h4 f4e3",2590,"bishopEndgame crushing endgame long"
00Mei,"8/6rk/6p1/1R3b1p/2pQ1P2/2P3P1/qP4PK/8 b - - 0 36","f5d3 d4d8 a2a7 b5b8 a7b8 d8b8",2591,"advantage endgame long master quietMove"
00cZE,"4k3/5p2/3r4/pRp3Pp/2P1p3/6P1/1KP4P/8 w - - 0 31","b5c5 e4e3 g5g6 e8f8 c5a5 e3e2",2591,"advancedPawn crushing endgame long rookEndgame"
019Ma,"8/p1k5/P1P1ppp1/2K4p/5P1P/6P1/8/8 b - - 1 48","e6e5 c5d5 e5e4 d5e4 c7c6 f4f5",2592,"crushing endgame long pawnEndgame"
01Aoh,"r1b2rk1/3nbppp/p2pp3/q5B1/2PQ3P/2NB4/PP4PR/3K2N1 b - - 4 16","e7g5 d3h7 g8h7 h4g5 h7g6 d4h4",2592,"advantage clearance defensiveMove discoveredAttack discoveredCheck intermezzo kingsideAttack long middlegame"
00FOM,"8/5k2/8/3pPPB1/1p4K1/1b6/8/8 b - - 0 45","b3d1 g4h4 d1a4 e5e6",2594,"bishopEndgame crushing defensiveMove endgame short"
01D3S,"6k1/pp4pp/r2P4/5q2/2PR4/B2RK1Pb/P6P/8 b - - 3 32","h3g2 d6d7 a6e6 e3d2 f5a5 d2c2",2594,"advancedPawn advantage defensiveMove endgame long"
006of,"r2qr2k/1pp2pp1/1b4np/pP2P3/P4n2/BQN2N1P/5PP1/R3R1K1 w - - 3 20","b3f7 d8d3 c3e2 f4e2 e1e2 d3e2",2601,"advantage kingsideAttack long middlegame"
01BBu,"2r5/3R4/2P2p2/1P3P2/7k/6pp/1K6/8 w - - 2 48","d7h7 h4g4 c6c7 c8c7 h7c7 h3h2 b5b6 h2h1q",2603,"advancedPawn crushing endgame promotion rookEndgame sacrifice veryLong"
00Ns0,"r2qr1k1/pn1p2pp/bp3p2/2p1N3/2P5/1PB3Q1/P1P3PP/R4RK1 w - - 0 18","f1f6 d8f6 a1f1 f6h6 e5g4 h6g6 c3g7 e8e4 g4f6 g8g7",2610,"advantage hangingPiece intermezzo middlegame veryLong"
00pny,"3r2rk/p3b2p/2n2p2/2pnNPPq/1p1p3P/3P1Q2/PPP3B1/R1B1R1K1 b - - 0 24","h5h4 e5f7 h8g7 e1e4",2617,"crushing fork master middlegame short"
00sDQ,"2r2rk1/5p2/1pn1pPp1/1B1pP3/5q2/4b2R/1B4QP/R6K b - - 3 31","f4f2 g2f2 e3f2 a1f1",2617,"advantage master middlegame short"
0018S,"2kr3r/pp3p2/4p2p/1N1p2p1/3Q4/1P1P4/2q2PPP/5RK1 b - - 1 20","b7b6 d4a1 a7a5 f1c1",2624,"advantage endgame pin short"
004zh,"4b1k1/4Pr2/3R2pp/1ppBP1q1/8/PP4P1/2P4P/3R3K b - - 2 38","g5h5 d1f1 g8g7 d5f7 e8f7 d6d8 h5e5 f1f7 g7f7 e7e8q e5e8 d8e8",2624,"advancedPawn attraction crushing endgame exposedKing intermezzo pin promotion quietMove veryLong"
002e5,"r2q4/pp1n1kbp/3P2b1/6N1/6Q1/P3P3/6P1/4K2R b K - 1 21","f7g8 g4c4 g8h8 h1h7 g6h7 g5f7",2632,"crushing long middlegame sacrifice"
00iXO,"r6r/pp2kB2/1bpR1p2/4p1p1/6b1/1QP3p1/PP3PP1/4R1K1 w - - 2 23","d6d2 b6f2 d2f2 h8h1 g1h1 g3f2",2632,"advancedPawn advantage fork long middlegame sacrifice"
01C5B,"1r4k1/2pRrppp/1pP5/pQ6/8/q7/5PPP/3R2K1 b - - 3 28","e7d7 c6d7 a3e7 g1f1",2632,"advancedPawn advantage defensiveMove endgame short"
013vX,"2k5/2p2p2/P1N3p1/1PK2n2/7p/8/2P2P2/8 b - - 0 41","h4h3 b5b6 f5d6 c6e7 c8d7 a6a7",2634,"advancedPawn crushing endgame knightEndgame long"
00eYd,"rq3rk1/1p3ppp/p2p2n1/3Bp3/4P1R1/P3QPR1/1P3P2/7K b - - 0 24","b8c7 g4g6 h7g6 e3g5 c7d8 g5g6",2645,"advantage long master middlegame pin sacrifice"
01AO3,"6k1/8/2p3p1/3pp2p/1P5P/2P2P2/6P1/6K1 w - - 0 34","g2g4 g6g5 h4g5 h5h4",2645,"crushing defensiveMove endgame master pawnEndgame short"
010Ev,"4b1k1/1p3p2/4pPp1/3p2Rp/p2P3R/q1rBQ2P/6P1/6K1 w - - 0 30","d3g6 a3c1 e3c1 c3c1 g1h2 f7g6",2657,"crushing long middlegame"
01bgV,"r3r1k1/3b1p2/pp1q2pp/8/4B3/1NP4P/PP4PK/RQB5 w - - 1 32","g2g3 d6e7 c1h6 e7e4 b1e4 e8e4",2660,"advantage long middlegame"
01UwU,"8/5ppp/4p3/4PPP1/2k1K2P/8/8/8 b - - 0 41","e6f5 e4f5 c4d5 h4h5 h7h6 g5h6 g7h6 f5f6 d5e4 f6g7 e4e5 g7h6",2661,"crushing endgame pawnEndgame quietMove veryLong"
00Aul,"4r3/1p3R1p/1pb2R1B/7k/6P1/8/r6P/6K1 b - - 0 33","h5g4 f7g7 g4h4 h6d2 e8e1 d2e1",2666,"crushing endgame long quietMove"
00qFT,"8/8/2B4p/3nk1p1/P3p3/7P/8/6K1 w - - 0 41","c6d5 e5d5 g1f2 h6h5 f2e3 g5g4 h3g4 h5h4 a4a5 h4h3 a5a6 d5c6 a6a7 c6b7 a7a8r b7a8",2668,"crushing endgame quietMove veryLong"
01WWa,"6k1/pp3pbp/1qp3p1/8/8/2PB1Q1P/Pr3PP1/4R1K1 b - - 1 22","g7c3 d3c4 b2f2 e1e8 g8g7 f3c3",2668,"advantage endgame long"
010Sa,"3r2k1/pb2q3/4p3/2p2p1Q/3p4/3R3R/PPP2PrP/5K2 b - - 1 26","g2g7 d3g3 e7f6 g3g7 g8g7 h5h7 g7f8 h7b7",2671,"advantage attraction exposedKing middlegame skewer veryLong"
01dm7,"r2k3r/1bpp1Qpn/p1n4p/1pb1P3/3N3q/1B5P/PPP2PP1/RNB1R1K1 w - - 1 14","e5e6 c6e7 f7f4 h4f4 c1f4 c5d4",2674,"advantage capturingDefender long middlegame quietMove"
01PDg,"1b5k/ppq2p1b/2p1pp1p/2n4Q/2N1PP2/PPN3rP/2P3BK/3R4 w - - 0 24","h5c5 c7f4 c3e2 g3g5 e2f4 b8f4 h2g1 g5c5",2684,"advantage discoveredAttack discoveredCheck middlegame sacrifice veryLong"
016ck,"8/2k5/1p3p2/p1PBp1p1/P2bP1Pn/4BP2/5K2/8 w - - 1 55","c5b6 c7b6 f2e2 d4e3 e2e3 b6c5",2685,"crushing endgame long"
01Lik,"2K5/2P5/8/8/3r1kp1/8/8/6R1 b - - 0 49","g4g3 g1c1 g3g2 c8b8",2685,"crushing defensiveMove endgame quietMove rookEndgame short"
01YsU,"3r3k/1K2bQp1/4P2p/1Pp5/2P5/r7/8/8 b - - 7 43","d8a8 b5b6 e7d6 b7c6",2685,"advantage endgame short"
01cHu,"4r1k1/2q1Ppp1/2pR1n2/p4NpP/8/PQ6/2P5/2K5 w - - 1 31","d6f6 g7f6 f5h6 g8h8 h6f7 h8g7 h5h6 g7g6",2686,"advantage endgame hangingPiece veryLong"
01WXF,"r1b2rk1/p4qbp/1p3pp1/2R5/2pBPP2/1P3Q1P/P1B3P1/5RK1 w - - 0 23","c5c6 f7d7 c6c4 b6b5 d4c5 b5c4",2690,"advantage fork long middlegame"
00bGq,"1k3r2/ppp2r1p/1b1pQP1p/8/3P3P/2P3R1/Pq4P1/5R1K b - - 0 22","b2b5 e6f7 b5f1 h1h2 f8c8 f7e6",2693,"advantage long middlegame"
00Oyf,"8/1p6/7p/3k1pp1/1P5P/3K1P2/6P1/8 w - - 0 39","h4g5 h6g5 d3c3 d5e5 c3c4 e5f4 c4c5 f4g3",2696,"crushing endgame pawnEndgame veryLong zugzwang"
00jdm,"r3r1k1/ppp2ppN/3p4/2bq1b1Q/3p4/3B1P2/PPP4P/R1B3K1 b - - 2 22","g7g6 h7f6 g8g7 h5h4 e8h8 h4h8 a8h8 f6d5 f5d3 c2d3",2701,"advantage fork middlegame veryLong"
00WzB,"8/8/8/P1K1p3/5k1p/5b1B/5P2/8 w - - 3 46","h3f1 f3a8 c5d6 e5e4 f1g2 f4g4 a5a6 h4h3 g2h1 e4e3 h1a8 e3f2 a8f3 g4g3 a6a7 f2f1q a7a8q f1f3",2718,"advancedPawn bishopEndgame crushing endgame promotion quietMove veryLong"
00SPy,"4r3/5pk1/pp3p2/7q/1P3P1p/P6P/4R1P1/3Q1R1K b - - 0 34","e8e2 f4f5 g7h6 d1d8",2722,"advantage endgame quietMove short"
01AyE,"8/4k3/ppp2pKp/4p2P/PPP5/3P4/8/8 b - - 2 38","e7e6 g6h6 e6f7 b4b5 a6b5 c4b5 c6c5 a4a5",2723,"crushing endgame pawnEndgame veryLong"
01bWU,"8/4kp2/7p/p2Pp1pP/2p3P1/5K2/PP3P2/8 b - - 2 45","e7d6 f3e4 a5a4 a2a3 f7f6 e4f5 d6d5 f5g6 d5d4 g6h6",2726,"advantage endgame pawnEndgame quietMove veryLong zugzwang"
01Isj,"1kq1r2r/p1p2pp1/1pPb4/3P3p/Q1B2nb1/4B3/P2N1PPP/1R2R1K1 b - - 1 20","h5h4 c4a6 c8f5 e3b6 e8e1 b1e1 c7b6 c6c7 d6c7 e1e8 h8e8 a4e8 f5c8 a6c8",2728,"advancedPawn crushing middlegame queensideAttack sacrifice veryLong"
01RvJ,"8/8/2pp2kb/p3p3/P1P3NK/2P2P2/8/8 w - - 0 51","g4h6 g6h6 f3f4 h6g6 c4c5 d6d5 h4g4 d5d4 c3d4 e5d4",2737,"crushing endgame quietMove veryLong zugzwang"
00IKw,"3r2k1/pp1P1p1p/6p1/2R1P2r/3Q1P2/6Pq/7P/3R2K1 w - - 1 33","d4d2 d8d7 d2d7 h3h2 g1f1 h2g3 d7d8 g8g7 d8f6 g7h6 f6g5 h5g5",2738,"advantage deflection endgame sacrifice veryLong"
01e9g,"8/7p/1p4p1/p1kp1pP1/P4P1P/1PPK4/8/8 b - - 0 32","c5c6 d3d4 c6d6 c3c4 d5c4 b3c4 d6c6 d4e5 c6c5 e5f6 c5c4 f6g7",2739,"crushing endgame pawnEndgame veryLong zugzwang"
00rjB,"2r3k1/pb3qN1/1p2p2p/2b5/6n1/2Pp2B1/PPQ2PP1/1BR1R1K1 w - - 0 28","c2d2 c5f2 g3f2 f7c7 d2h6 g4h6",2752,"advantage fork long middlegame sacrifice"
00S6g,"r6r/p3kpbp/2Q1pnp1/q7/P2P1P2/1PP5/6PP/R1B2RK1 b - - 0 16","f6d5 f4f5 g6f5 f1f5 f7f6 c1a3 e7f7 c6d7 f7g6 f5f3",2755,"advantage middlegame veryLong"
00mNT,"8/2q2p1p/R2bpkp1/2p5/4pP2/3r3P/1Q4P1/R5K1 b - - 3 38","f6f5 a6a7 d3d1 a1d1",2756,"crushing endgame short"
01Qnk,"4Q3/2p2ppk/p2bb2p/4N3/3PPP1q/2P5/Pr4PP/RN3RK1 w - - 1 17","e5f7 h4g4 e8h8 h7g6 b1d2 b2d2 f7e5 d6e5",2756,"crushing middlegame veryLong"
00jmD,"8/1pp5/8/PP4p1/3k1pP1/8/1bbBB3/5K2 b - - 2 41","c2d3 e2d3 d4d3 d2e1 d3c4 a5a6 b7a6 b5a6 b2d4 e1f2",2757,"bishopEndgame crushing endgame quietMove veryLong"
01ZrS,"3R4/1br1npp1/1p2p1k1/p3P1pN/P1B3P1/1P5P/5P2/6K1 b - - 2 31","e7c6 c4d3 f7f5 e5f6 g6f7 d8h8",2762,"advantage defensiveMove discoveredAttack discoveredCheck enPassant endgame long"
01i3o,"5r1k/p2q2pb/3p4/2r1pPp1/P1p1Q1N1/2P3PP/5RK1/3R4 w - - 8 31","g4e5 d7e8 e5g6 h7g6 e4e8 g6e8",2771,"advantage long middlegame"
00tlr,"r2r2k1/p3Rp1p/5Qp1/8/8/2P4P/q4PP1/4R1K1 b - - 1 24","a7a5 h3h4 a2d5 e1e5",2772,"crushing endgame quietMove short"
00j8L,"6R1/2q2pp1/6kp/1pr5/p2Q1P2/2P3PP/1P5K/8 b - - 4 37","f7f6 d4e4 c5f5 g8f8 c7d7 g3g4",2775,"crushing endgame long"
00irz,"8/2r1ppk1/8/3P2pP/1Kp1Pp2/1bR5/4BP2/8 w - - 8 40","e2c4 c7c4 c3c4 b3c4 b4c4 f7f6",2780,"crushing defensiveMove endgame long"
00hCU,"r1b2r2/1p5k/3p2pp/p1PBb3/2Pp1p2/P2P2Pq/3B1P1P/1R1QR1K1 w - - 0 26","c5c6 f4g3 f2g3 f8f2 g1f2 h3h2",2789,"attraction crushing deflection kingsideAttack long middlegame sacrifice"
00SWh,"rn5Q/ppk1np2/3B4/6N1/6b1/8/PPP1q3/2KR4 b - - 0 18","c7b6 h8d4 b6c6 d4c3 c6d7 d1e1",2793,"crushing exposedKing long middlegame"
005jR,"8/5p1k/1P4pp/3Qn3/4BP2/6P1/1p2P2P/2q3K1 w - - 1 34","g1f2 b2b1q e4b1 e5g4 f2f3 c1h1",2794,"advancedPawn crushing endgame long promotion"
01VHY,"2k5/p1p5/P7/1PP1rp2/7p/6pP/6P1/2R3K1 b - - 3 39","f5f4 b5b6 c8b8 b6b7 e5e6 c1a1",2795,"advancedPawn crushing defensiveMove endgame long rookEndgame"
01abk,"8/6pp/2p2p2/7P/1k6/p2K4/B4P2/8 w - - 1 42","d3d4 g7g5 h5g6 h7g6 d4d3 g6g5 d3c2 f6f5",2798,"bishopEndgame crushing defensiveMove endgame quietMove veryLong"
000VW,"r4r2/1p3pkp/p5p1/3R1N1Q/3P4/8/P1q2P2/3R2K1 b - - 3 25","g6f5 d5c5 c2e4 h5g5 g7h8 g5f6",2869,"crushing endgame long"
01AU0,"8/7k/4r3/pB6/P7/2Q3P1/4KP2/7q w - - 5 46","e2d3 h1d1 d3c4 e6d6",2871,"crushing defensiveMove endgame short"
01QcW,"5R2/8/8/p1p5/PbP3p1/1P3pk1/8/5K2 w - - 4 44","f8b8 b4c3 b8f8 g3h3 f8f7 g4g3 f7f3 h3h2 f1e2 g3g2 f3c3 g2g1q",2876,"advancedPawn crushing endgame promotion quietMove veryLong"
01bQH,"4k3/3r2pp/3P1p2/2PK1P2/1P6/7P/8/8 b - - 2 38","e8d8 c5c6 d7a7 b4b5 a7a5 d5c4 a5a2 b5b6",2936,"crushing endgame quietMove rookEndgame veryLong"
00RWr,"6k1/5pp1/n3p2p/1q1pN3/8/4PB1P/Q4PPK/2r5 b - - 3 36","a6c5 a2a8 g8h7 e5f7 b5b2 a8h8 h7g6 h8g8 g6f6 f3h5",2961,"crushing defensiveMove deflection endgame veryLong"
005yO,"r1r3k1/ppq3bQ/4p2p/4n3/3p4/2P5/PBB2PPP/4R1K1 b - - 2 24","g8f8 b2a3 f8f7 c2d1 c8h8 d1h5 f7f6 h7e4",3188,"advantage exposedKing middlegame quietMove veryLong"
